id,entity_id,name_text,normalized_text,language_id,script_name,name_type,transliteration_scheme,is_preferred,source_id,notes
name.artifact.babylonian.marduk_net.canonical,artifact.babylonian.marduk_net,Net of Marduk,net of marduk,lang.en,,CANONICAL,,1,,
name.artifact.babylonian.marduk_net.zh,artifact.babylonian.marduk_net,马尔杜克之网,马尔杜克之网,lang.zh,,TRANSLATION,,1,,
name.artifact.chinese.huntian_ling.canonical,artifact.chinese.huntian_ling,Huntian Ling,huntian ling,lang.en,,CANONICAL,,1,,
name.artifact.chinese.huntian_ling.original,artifact.chinese.huntian_ling,混天綾,混天綾,lang.zh,,ORIGINAL,,1,,
name.artifact.chinese.huntian_ling.zh,artifact.chinese.huntian_ling,混天绫,混天绫,lang.zh,,TRANSLATION,,1,,
name.artifact.chinese.qiankun_quan.canonical,artifact.chinese.qiankun_quan,Qiankun Quan,qiankun quan,lang.en,,CANONICAL,,1,,
name.artifact.chinese.qiankun_quan.original,artifact.chinese.qiankun_quan,乾坤圈,乾坤圈,lang.zh,,ORIGINAL,,1,,
name.artifact.chinese.qiankun_quan.zh,artifact.chinese.qiankun_quan,乾坤圈,乾坤圈,lang.zh,,TRANSLATION,,1,,
name.artifact.egyptian.solar_barque.canonical,artifact.egyptian.solar_barque,Solar barque,solar barque,lang.en,,CANONICAL,,1,,
name.artifact.egyptian.solar_barque.zh,artifact.egyptian.solar_barque,太阳船,太阳船,lang.zh,,TRANSLATION,,1,,
name.artifact.greek.aegis.canonical,artifact.greek.aegis,Aegis,aegis,lang.en,,CANONICAL,,1,,
name.artifact.greek.aegis.original,artifact.greek.aegis,αἰγίς,αἰγίσ,lang.grc,,ORIGINAL,,1,,
name.artifact.greek.aegis.zh,artifact.greek.aegis,埃癸斯神盾,埃癸斯神盾,lang.zh,,TRANSLATION,,1,,
name.artifact.greek.caduceus.canonical,artifact.greek.caduceus,Caduceus,caduceus,lang.en,,CANONICAL,,1,,
name.artifact.greek.caduceus.original,artifact.greek.caduceus,κηρύκειον,κηρύκειον,lang.grc,,ORIGINAL,,1,,
name.artifact.greek.caduceus.zh,artifact.greek.caduceus,赫尔墨斯杖,赫尔墨斯杖,lang.zh,,TRANSLATION,,1,,
name.artifact.greek.helm_hades.canonical,artifact.greek.helm_hades,Helm of Hades,helm of hades,lang.en,,CANONICAL,,1,,
name.artifact.greek.helm_hades.zh,artifact.greek.helm_hades,哈得斯隐身头盔,哈得斯隐身头盔,lang.zh,,TRANSLATION,,1,,
name.artifact.mesopotamian.tablet_destinies.canonical,artifact.mesopotamian.tablet_destinies,Tablet of Destinies,tablet of destinies,lang.en,,CANONICAL,,1,,
name.artifact.mesopotamian.tablet_destinies.zh,artifact.mesopotamian.tablet_destinies,命运泥板,命运泥板,lang.zh,,TRANSLATION,,1,,
name.artifact.norse.draupnir.canonical,artifact.norse.draupnir,Draupnir,draupnir,lang.en,,CANONICAL,,1,,
name.artifact.norse.draupnir.zh,artifact.norse.draupnir,德罗普尼尔,德罗普尼尔,lang.zh,,TRANSLATION,,1,,
name.artifact.norse.gleipnir.canonical,artifact.norse.gleipnir,Gleipnir,gleipnir,lang.en,,CANONICAL,,1,,
name.artifact.norse.gleipnir.zh,artifact.norse.gleipnir,格莱普尼尔,格莱普尼尔,lang.zh,,TRANSLATION,,1,,
name.being.chinese.pangu.canonical,being.chinese.pangu,Pangu,pangu,lang.en,,CANONICAL,,1,,
name.being.chinese.pangu.original,being.chinese.pangu,盤古,盤古,lang.lzh,,ORIGINAL,,1,,
name.being.chinese.pangu.zh,being.chinese.pangu,盘古,盘古,lang.zh,,TRANSLATION,,1,,
name.being.norse.sons_of_ivaldi.canonical,being.norse.sons_of_ivaldi,Sons of Ivaldi,sons of ivaldi,lang.en,,CANONICAL,,1,,
name.being.norse.sons_of_ivaldi.original,being.norse.sons_of_ivaldi,Ívaldasynir,ívaldasynir,lang.non,,ORIGINAL,,1,,
name.being.norse.sons_of_ivaldi.zh,being.norse.sons_of_ivaldi,伊瓦尔迪之子,伊瓦尔迪之子,lang.zh,,TRANSLATION,,1,,
name.being.norse.ymir.canonical,being.norse.ymir,Ymir,ymir,lang.en,,CANONICAL,,1,,
name.being.norse.ymir.zh,being.norse.ymir,尤弥尔,尤弥尔,lang.zh,,TRANSLATION,,1,,
name.being.zoroastrian.angra_mainyu.canonical,being.zoroastrian.angra_mainyu,Angra Mainyu,angra mainyu,lang.en,,CANONICAL,,1,,
name.being.zoroastrian.angra_mainyu.original,being.zoroastrian.angra_mainyu,𐬀𐬢𐬭𐬀 𐬨𐬀𐬌𐬥𐬌𐬌𐬎,𐬀𐬢𐬭𐬀 𐬨𐬀𐬌𐬥𐬌𐬌𐬎,lang.ave,,ORIGINAL,,1,,
name.being.zoroastrian.angra_mainyu.zh,being.zoroastrian.angra_mainyu,安格拉·曼纽,安格拉·曼纽,lang.zh,,TRANSLATION,,1,,
name.bestla.non,being.norse.bestla,Bestla,bestla,lang.non,Latin,ORIGINAL,,1,source.norse.gylfaginning.vsnr2005,
name.borr.non,deity.norse.borr,Borr,borr,lang.non,Latin,ORIGINAL,,1,source.norse.gylfaginning.vsnr2005,
name.brokkr.non,being.norse.brokkr,Brokkr,brokkr,lang.non,Latin,ORIGINAL,,1,source.norse.skaldskaparmal.vsnr1998,
name.buri.non,deity.norse.buri,Búri,búri,lang.non,Latin,ORIGINAL,,1,source.norse.gylfaginning.vsnr2005,
name.concept.chinese.wuxing.canonical,concept.chinese.wuxing,Wuxing,wuxing,lang.en,,CANONICAL,,1,,
name.concept.chinese.wuxing.original,concept.chinese.wuxing,五行,五行,lang.lzh,,ORIGINAL,,1,,
name.concept.chinese.wuxing.zh,concept.chinese.wuxing,五行,五行,lang.zh,,TRANSLATION,,1,,
name.concept.comparative.agriculture.canonical,concept.comparative.agriculture,Agriculture,agriculture,lang.en,,CANONICAL,,1,,
name.concept.comparative.agriculture.zh,concept.comparative.agriculture,农业,农业,lang.zh,,TRANSLATION,,1,,
name.concept.comparative.air.canonical,concept.comparative.air,Air / Breath,air / breath,lang.en,,CANONICAL,,1,,
name.concept.comparative.air.zh,concept.comparative.air,气／空气,气/空气,lang.zh,,TRANSLATION,,1,,
name.concept.comparative.chaos.canonical,concept.comparative.chaos,Chaos,chaos,lang.en,,CANONICAL,,1,,
name.concept.comparative.chaos.zh,concept.comparative.chaos,混沌,混沌,lang.zh,,TRANSLATION,,1,,
name.concept.comparative.creation.canonical,concept.comparative.creation,Creation,creation,lang.en,,CANONICAL,,1,,
name.concept.comparative.creation.zh,concept.comparative.creation,创造,创造,lang.zh,,TRANSLATION,,1,,
name.concept.comparative.darkness.canonical,concept.comparative.darkness,Darkness,darkness,lang.en,,CANONICAL,,1,,
name.concept.comparative.darkness.zh,concept.comparative.darkness,黑暗,黑暗,lang.zh,,TRANSLATION,,1,,
name.concept.comparative.death.canonical,concept.comparative.death,Death,death,lang.en,,CANONICAL,,1,,
name.concept.comparative.death.zh,concept.comparative.death,死亡,死亡,lang.zh,,TRANSLATION,,1,,
name.concept.comparative.desire.canonical,concept.comparative.desire,Desire,desire,lang.en,,CANONICAL,,1,,
name.concept.comparative.desire.zh,concept.comparative.desire,欲望,欲望,lang.zh,,TRANSLATION,,1,,
name.concept.comparative.destruction.canonical,concept.comparative.destruction,Destruction,destruction,lang.en,,CANONICAL,,1,,
name.concept.comparative.destruction.zh,concept.comparative.destruction,毁灭,毁灭,lang.zh,,TRANSLATION,,1,,
name.concept.comparative.disease.canonical,concept.comparative.disease,Disease,disease,lang.en,,CANONICAL,,1,,
name.concept.comparative.disease.zh,concept.comparative.disease,疾病,疾病,lang.zh,,TRANSLATION,,1,,
name.concept.comparative.dream.canonical,concept.comparative.dream,Dream,dream,lang.en,,CANONICAL,,1,,
name.concept.comparative.dream.zh,concept.comparative.dream,梦,梦,lang.zh,,TRANSLATION,,1,,
name.concept.comparative.earth.canonical,concept.comparative.earth,Earth,earth,lang.en,,CANONICAL,,1,,
name.concept.comparative.earth.zh,concept.comparative.earth,土／大地,土/大地,lang.zh,,TRANSLATION,,1,,
name.concept.comparative.fate.canonical,concept.comparative.fate,Fate,fate,lang.en,,CANONICAL,,1,,
name.concept.comparative.fate.zh,concept.comparative.fate,命运,命运,lang.zh,,TRANSLATION,,1,,
name.concept.comparative.fertility.canonical,concept.comparative.fertility,Fertility,fertility,lang.en,,CANONICAL,,1,,
name.concept.comparative.fertility.zh,concept.comparative.fertility,丰饶,丰饶,lang.zh,,TRANSLATION,,1,,
name.concept.comparative.fire.canonical,concept.comparative.fire,Fire,fire,lang.en,,CANONICAL,,1,,
name.concept.comparative.fire.zh,concept.comparative.fire,火,火,lang.zh,,TRANSLATION,,1,,
name.concept.comparative.healing.canonical,concept.comparative.healing,Healing,healing,lang.en,,CANONICAL,,1,,
name.concept.comparative.healing.zh,concept.comparative.healing,治疗,治疗,lang.zh,,TRANSLATION,,1,,
name.concept.comparative.hunting.canonical,concept.comparative.hunting,Hunting,hunting,lang.en,,CANONICAL,,1,,
name.concept.comparative.hunting.zh,concept.comparative.hunting,狩猎,狩猎,lang.zh,,TRANSLATION,,1,,
name.concept.comparative.ice.canonical,concept.comparative.ice,Ice,ice,lang.en,,CANONICAL,,1,,
name.concept.comparative.ice.zh,concept.comparative.ice,冰,冰,lang.zh,,TRANSLATION,,1,,
name.concept.comparative.justice.canonical,concept.comparative.justice,Justice,justice,lang.en,,CANONICAL,,1,,
name.concept.comparative.justice.zh,concept.comparative.justice,正义,正义,lang.zh,,TRANSLATION,,1,,
name.concept.comparative.kingship.canonical,concept.comparative.kingship,Kingship,kingship,lang.en,,CANONICAL,,1,,
name.concept.comparative.kingship.zh,concept.comparative.kingship,王权,王权,lang.zh,,TRANSLATION,,1,,
name.concept.comparative.knowledge.canonical,concept.comparative.knowledge,Knowledge,knowledge,lang.en,,CANONICAL,,1,,
name.concept.comparative.knowledge.zh,concept.comparative.knowledge,知识,知识,lang.zh,,TRANSLATION,,1,,
name.concept.comparative.life.canonical,concept.comparative.life,Life,life,lang.en,,CANONICAL,,1,,
name.concept.comparative.life.zh,concept.comparative.life,生命,生命,lang.zh,,TRANSLATION,,1,,
name.concept.comparative.light.canonical,concept.comparative.light,Light,light,lang.en,,CANONICAL,,1,,
name.concept.comparative.light.zh,concept.comparative.light,光,光,lang.zh,,TRANSLATION,,1,,
name.concept.comparative.lightning.canonical,concept.comparative.lightning,Lightning,lightning,lang.en,,CANONICAL,,1,,
name.concept.comparative.lightning.zh,concept.comparative.lightning,闪电,闪电,lang.zh,,TRANSLATION,,1,,
name.concept.comparative.love.canonical,concept.comparative.love,Love,love,lang.en,,CANONICAL,,1,,
name.concept.comparative.love.zh,concept.comparative.love,爱,爱,lang.zh,,TRANSLATION,,1,,
name.concept.comparative.magic.canonical,concept.comparative.magic,Magic,magic,lang.en,,CANONICAL,,1,,
name.concept.comparative.magic.zh,concept.comparative.magic,魔法,魔法,lang.zh,,TRANSLATION,,1,,
name.concept.comparative.memory.canonical,concept.comparative.memory,Memory,memory,lang.en,,CANONICAL,,1,,
name.concept.comparative.memory.zh,concept.comparative.memory,记忆,记忆,lang.zh,,TRANSLATION,,1,,
name.concept.comparative.metal.canonical,concept.comparative.metal,Metal,metal,lang.en,,CANONICAL,,1,,
name.concept.comparative.metal.zh,concept.comparative.metal,金属,金属,lang.zh,,TRANSLATION,,1,,
name.concept.comparative.moon.canonical,concept.comparative.moon,Moon,moon,lang.en,,CANONICAL,,1,,
name.concept.comparative.moon.zh,concept.comparative.moon,月亮,月亮,lang.zh,,TRANSLATION,,1,,
name.concept.comparative.music.canonical,concept.comparative.music,Music,music,lang.en,,CANONICAL,,1,,
name.concept.comparative.music.zh,concept.comparative.music,音乐,音乐,lang.zh,,TRANSLATION,,1,,
name.concept.comparative.navigation.canonical,concept.comparative.navigation,Navigation,navigation,lang.en,,CANONICAL,,1,,
name.concept.comparative.navigation.zh,concept.comparative.navigation,航海,航海,lang.zh,,TRANSLATION,,1,,
name.concept.comparative.ocean.canonical,concept.comparative.ocean,Ocean,ocean,lang.en,,CANONICAL,,1,,
name.concept.comparative.ocean.zh,concept.comparative.ocean,海洋,海洋,lang.zh,,TRANSLATION,,1,,
name.concept.comparative.order.canonical,concept.comparative.order,Order,order,lang.en,,CANONICAL,,1,,
name.concept.comparative.order.zh,concept.comparative.order,秩序,秩序,lang.zh,,TRANSLATION,,1,,
name.concept.comparative.poetry.canonical,concept.comparative.poetry,Poetry,poetry,lang.en,,CANONICAL,,1,,
name.concept.comparative.poetry.zh,concept.comparative.poetry,诗歌,诗歌,lang.zh,,TRANSLATION,,1,,
name.concept.comparative.rebirth.canonical,concept.comparative.rebirth,Rebirth,rebirth,lang.en,,CANONICAL,,1,,
name.concept.comparative.rebirth.zh,concept.comparative.rebirth,重生,重生,lang.zh,,TRANSLATION,,1,,
name.concept.comparative.river.canonical,concept.comparative.river,River,river,lang.en,,CANONICAL,,1,,
name.concept.comparative.river.zh,concept.comparative.river,河流,河流,lang.zh,,TRANSLATION,,1,,
name.concept.comparative.sky.canonical,concept.comparative.sky,Sky,sky,lang.en,,CANONICAL,,1,,
name.concept.comparative.sky.zh,concept.comparative.sky,天空,天空,lang.zh,,TRANSLATION,,1,,
name.concept.comparative.snow.canonical,concept.comparative.snow,Snow,snow,lang.en,,CANONICAL,,1,,
name.concept.comparative.snow.zh,concept.comparative.snow,雪,雪,lang.zh,,TRANSLATION,,1,,
name.concept.comparative.soul.canonical,concept.comparative.soul,Soul,soul,lang.en,,CANONICAL,,1,,
name.concept.comparative.soul.zh,concept.comparative.soul,灵魂,灵魂,lang.zh,,TRANSLATION,,1,,
name.concept.comparative.stars.canonical,concept.comparative.stars,Stars,stars,lang.en,,CANONICAL,,1,,
name.concept.comparative.stars.zh,concept.comparative.stars,星辰,星辰,lang.zh,,TRANSLATION,,1,,
name.concept.comparative.storm.canonical,concept.comparative.storm,Storm,storm,lang.en,,CANONICAL,,1,,
name.concept.comparative.storm.zh,concept.comparative.storm,风暴,风暴,lang.zh,,TRANSLATION,,1,,
name.concept.comparative.sun.canonical,concept.comparative.sun,Sun,sun,lang.en,,CANONICAL,,1,,
name.concept.comparative.sun.zh,concept.comparative.sun,太阳,太阳,lang.zh,,TRANSLATION,,1,,
name.concept.comparative.thunder.canonical,concept.comparative.thunder,Thunder,thunder,lang.en,,CANONICAL,,1,,
name.concept.comparative.thunder.zh,concept.comparative.thunder,雷,雷,lang.zh,,TRANSLATION,,1,,
name.concept.comparative.time.canonical,concept.comparative.time,Time,time,lang.en,,CANONICAL,,1,,
name.concept.comparative.time.zh,concept.comparative.time,时间,时间,lang.zh,,TRANSLATION,,1,,
name.concept.comparative.war.canonical,concept.comparative.war,War,war,lang.en,,CANONICAL,,1,,
name.concept.comparative.war.zh,concept.comparative.war,战争,战争,lang.zh,,TRANSLATION,,1,,
name.concept.comparative.water.canonical,concept.comparative.water,Water,water,lang.en,,CANONICAL,,1,,
name.concept.comparative.water.zh,concept.comparative.water,水,水,lang.zh,,TRANSLATION,,1,,
name.concept.comparative.wind.canonical,concept.comparative.wind,Wind,wind,lang.en,,CANONICAL,,1,,
name.concept.comparative.wind.zh,concept.comparative.wind,风,风,lang.zh,,TRANSLATION,,1,,
name.concept.comparative.wisdom.canonical,concept.comparative.wisdom,Wisdom,wisdom,lang.en,,CANONICAL,,1,,
name.concept.comparative.wisdom.zh,concept.comparative.wisdom,智慧,智慧,lang.zh,,TRANSLATION,,1,,
name.concept.comparative.wood.canonical,concept.comparative.wood,Wood,wood,lang.en,,CANONICAL,,1,,
name.concept.comparative.wood.zh,concept.comparative.wood,木,木,lang.zh,,TRANSLATION,,1,,
name.concept.egyptian.isfet.canonical,concept.egyptian.isfet,Isfet,isfet,lang.en,,CANONICAL,,1,,
name.concept.egyptian.isfet.zh,concept.egyptian.isfet,伊斯菲特（失序）,伊斯菲特(失序),lang.zh,,TRANSLATION,,1,,
name.concept.egyptian.ma_at.canonical,concept.egyptian.ma_at,Ma'at as order,ma'at as order,lang.en,,CANONICAL,,1,,
name.concept.egyptian.ma_at.original,concept.egyptian.ma_at,Mꜣꜥt,mꜣꜥt,lang.egy,,ORIGINAL,,1,,
name.concept.egyptian.ma_at.zh,concept.egyptian.ma_at,玛阿特（秩序概念）,玛阿特(秩序概念),lang.zh,,TRANSLATION,,1,,
name.concept.greek.classical_elements.canonical,concept.greek.classical_elements,Classical Greek element traditions,classical greek element traditions,lang.en,,CANONICAL,,1,,
name.concept.greek.classical_elements.original,concept.greek.classical_elements,στοιχεῖα,στοιχεῖα,lang.grc,,ORIGINAL,,1,,
name.concept.greek.classical_elements.zh,concept.greek.classical_elements,希腊古典元素传统,希腊古典元素传统,lang.zh,,TRANSLATION,,1,,
name.concept.hearth.en,concept.comparative.hearth,Hearth,hearth,lang.en,Latin,TRANSLATION,,1,,"Comparative navigation label, not an identity assertion"
name.concept.hearth.zh,concept.comparative.hearth,炉火／灶火,炉火／灶火,lang.zh,Han,TRANSLATION,,1,,比较导航标签
name.concept.indian.pancamahabhuta.canonical,concept.indian.pancamahabhuta,Pañcamahābhūta,pañcamahābhūta,lang.en,,CANONICAL,,1,,
name.concept.indian.pancamahabhuta.original,concept.indian.pancamahabhuta,पञ्चमहाभूत,पञ्चमहाभूत,lang.san,,ORIGINAL,,1,,
name.concept.indian.pancamahabhuta.zh,concept.indian.pancamahabhuta,五大,五大,lang.zh,,TRANSLATION,,1,,
name.concept.night.en,concept.comparative.night,Night,night,lang.en,Latin,TRANSLATION,,1,,"Comparative navigation label, not an identity assertion"
name.concept.night.zh,concept.comparative.night,夜,夜,lang.zh,Han,TRANSLATION,,1,,比较导航标签
name.concept.norse.fire_ice_cosmogony.canonical,concept.norse.fire_ice_cosmogony,Norse fire-and-ice cosmogonic contrast,norse fire-and-ice cosmogonic contrast,lang.en,,CANONICAL,,1,,
name.concept.norse.fire_ice_cosmogony.zh,concept.norse.fire_ice_cosmogony,北欧火与冰宇宙生成结构,北欧火与冰宇宙生成结构,lang.zh,,TRANSLATION,,1,,
name.concept.sleep.en,concept.comparative.sleep,Sleep,sleep,lang.en,Latin,TRANSLATION,,1,,"Comparative navigation label, not an identity assertion"
name.concept.sleep.zh,concept.comparative.sleep,睡眠,睡眠,lang.zh,Han,TRANSLATION,,1,,比较导航标签
name.concept.zoroastrian.asha.canonical,concept.zoroastrian.asha,Asha,asha,lang.en,,CANONICAL,,1,,
name.concept.zoroastrian.asha.original,concept.zoroastrian.asha,aša,aša,lang.ave,,ORIGINAL,,1,,
name.concept.zoroastrian.asha.zh,concept.zoroastrian.asha,阿沙（真理／秩序）,阿沙(真理/秩序),lang.zh,,TRANSLATION,,1,,
name.concept.zoroastrian.druj.canonical,concept.zoroastrian.druj,Druj,druj,lang.en,,CANONICAL,,1,,
name.concept.zoroastrian.druj.original,concept.zoroastrian.druj,druj,druj,lang.ave,,ORIGINAL,,1,,
name.concept.zoroastrian.druj.zh,concept.zoroastrian.druj,德鲁杰（虚妄／失序）,德鲁杰(虚妄/失序),lang.zh,,TRANSLATION,,1,,
name.creature.greek.cyclopes_hesiodic.canonical,creature.greek.cyclopes_hesiodic,Hesiodic Cyclopes,hesiodic cyclopes,lang.en,,CANONICAL,,1,,
name.creature.greek.cyclopes_hesiodic.original,creature.greek.cyclopes_hesiodic,Κύκλωπες,κύκλωπεσ,lang.grc,,ORIGINAL,,1,,
name.creature.greek.cyclopes_hesiodic.zh,creature.greek.cyclopes_hesiodic,赫西俄德传统独眼巨人,赫西俄德传统独眼巨人,lang.zh,,TRANSLATION,,1,,
name.creature.norse.fenrir.canonical,creature.norse.fenrir,Fenrir,fenrir,lang.en,,CANONICAL,,1,,
name.creature.norse.fenrir.zh,creature.norse.fenrir,芬里尔,芬里尔,lang.zh,,TRANSLATION,,1,,
name.creature.norse.jormungandr.canonical,creature.norse.jormungandr,Jörmungandr,jörmungandr,lang.en,,CANONICAL,,1,,
name.creature.norse.jormungandr.original,creature.norse.jormungandr,Jǫrmungandr,jǫrmungandr,lang.non,,ORIGINAL,,1,,
name.creature.norse.jormungandr.zh,creature.norse.jormungandr,耶梦加得,耶梦加得,lang.zh,,TRANSLATION,,1,,
name.deity.akkadian.ishtar.canonical,deity.akkadian.ishtar,Ishtar,ishtar,lang.en,,CANONICAL,,1,,
name.deity.akkadian.ishtar.original,deity.akkadian.ishtar,Ištar,ištar,lang.akk,,ORIGINAL,,1,,
name.deity.akkadian.ishtar.zh,deity.akkadian.ishtar,伊什塔尔,伊什塔尔,lang.zh,,TRANSLATION,,1,,
name.deity.assyrian.ashur.canonical,deity.assyrian.ashur,Ashur,ashur,lang.en,,CANONICAL,,1,,
name.deity.assyrian.ashur.original,deity.assyrian.ashur,Aššur,aššur,lang.akk,,ORIGINAL,,1,,
name.deity.assyrian.ashur.zh,deity.assyrian.ashur,阿舒尔,阿舒尔,lang.zh,,TRANSLATION,,1,,
name.deity.babylonian.marduk.canonical,deity.babylonian.marduk,Marduk,marduk,lang.en,,CANONICAL,,1,,
name.deity.babylonian.marduk.zh,deity.babylonian.marduk,马尔杜克,马尔杜克,lang.zh,,TRANSLATION,,1,,
name.deity.babylonian.tiamat.canonical,deity.babylonian.tiamat,Tiamat,tiamat,lang.en,,CANONICAL,,1,,
name.deity.babylonian.tiamat.original,deity.babylonian.tiamat,Tiāmat,tiāmat,lang.akk,,ORIGINAL,,1,,
name.deity.babylonian.tiamat.zh,deity.babylonian.tiamat,提亚马特,提亚马特,lang.zh,,TRANSLATION,,1,,
name.deity.chinese.fu_xi.canonical,deity.chinese.fu_xi,Fuxi,fuxi,lang.en,,CANONICAL,,1,,
name.deity.chinese.fu_xi.original,deity.chinese.fu_xi,伏羲,伏羲,lang.lzh,,ORIGINAL,,1,,
name.deity.chinese.fu_xi.zh,deity.chinese.fu_xi,伏羲,伏羲,lang.zh,,TRANSLATION,,1,,
name.deity.chinese.nezha.canonical,deity.chinese.nezha,Nezha,nezha,lang.en,,CANONICAL,,1,,
name.deity.chinese.nezha.original,deity.chinese.nezha,哪吒,哪吒,lang.zh,,ORIGINAL,,1,,
name.deity.chinese.nezha.zh,deity.chinese.nezha,哪吒,哪吒,lang.zh,,TRANSLATION,,1,,
name.deity.chinese.nu_wa.canonical,deity.chinese.nu_wa,Nüwa,nüwa,lang.en,,CANONICAL,,1,,
name.deity.chinese.nu_wa.original,deity.chinese.nu_wa,女媧,女媧,lang.lzh,,ORIGINAL,,1,,
name.deity.chinese.nu_wa.zh,deity.chinese.nu_wa,女娲,女娲,lang.zh,,TRANSLATION,,1,,
name.deity.egyptian.amun.canonical,deity.egyptian.amun,Amun,amun,lang.en,,CANONICAL,,1,,
name.deity.egyptian.amun.original,deity.egyptian.amun,Jmn,jmn,lang.egy,,ORIGINAL,,1,,
name.deity.egyptian.amun.zh,deity.egyptian.amun,阿蒙,阿蒙,lang.zh,,TRANSLATION,,1,,
name.deity.egyptian.anubis.canonical,deity.egyptian.anubis,Anubis,anubis,lang.en,,CANONICAL,,1,,
name.deity.egyptian.anubis.original,deity.egyptian.anubis,Jnpw,jnpw,lang.egy,,ORIGINAL,,1,,
name.deity.egyptian.anubis.zh,deity.egyptian.anubis,阿努比斯,阿努比斯,lang.zh,,TRANSLATION,,1,,
name.deity.egyptian.atum.canonical,deity.egyptian.atum,Atum,atum,lang.en,,CANONICAL,,1,,
name.deity.egyptian.atum.original,deity.egyptian.atum,Jtm,jtm,lang.egy,,ORIGINAL,,1,,
name.deity.egyptian.atum.zh,deity.egyptian.atum,阿图姆,阿图姆,lang.zh,,TRANSLATION,,1,,
name.deity.egyptian.geb.canonical,deity.egyptian.geb,Geb,geb,lang.en,,CANONICAL,,1,,
name.deity.egyptian.geb.original,deity.egyptian.geb,Gbb,gbb,lang.egy,,ORIGINAL,,1,,
name.deity.egyptian.geb.zh,deity.egyptian.geb,盖布,盖布,lang.zh,,TRANSLATION,,1,,
name.deity.egyptian.hathor.canonical,deity.egyptian.hathor,Hathor,hathor,lang.en,,CANONICAL,,1,,
name.deity.egyptian.hathor.original,deity.egyptian.hathor,Ḥwt-Ḥr,ḥwt-ḥr,lang.egy,,ORIGINAL,,1,,
name.deity.egyptian.hathor.zh,deity.egyptian.hathor,哈托尔,哈托尔,lang.zh,,TRANSLATION,,1,,
name.deity.egyptian.horus.canonical,deity.egyptian.horus,Horus,horus,lang.en,,CANONICAL,,1,,
name.deity.egyptian.horus.original,deity.egyptian.horus,Ḥr,ḥr,lang.egy,,ORIGINAL,,1,,
name.deity.egyptian.horus.zh,deity.egyptian.horus,荷鲁斯,荷鲁斯,lang.zh,,TRANSLATION,,1,,
name.deity.egyptian.isis.canonical,deity.egyptian.isis,Isis,isis,lang.en,,CANONICAL,,1,,
name.deity.egyptian.isis.original,deity.egyptian.isis,Ꜣst,ꜣst,lang.egy,,ORIGINAL,,1,,
name.deity.egyptian.isis.zh,deity.egyptian.isis,伊西斯,伊西斯,lang.zh,,TRANSLATION,,1,,
name.deity.egyptian.ma_at.canonical,deity.egyptian.ma_at,Ma'at,ma'at,lang.en,,CANONICAL,,1,,
name.deity.egyptian.ma_at.original,deity.egyptian.ma_at,Mꜣꜥt,mꜣꜥt,lang.egy,,ORIGINAL,,1,,
name.deity.egyptian.ma_at.zh,deity.egyptian.ma_at,玛阿特,玛阿特,lang.zh,,TRANSLATION,,1,,
name.deity.egyptian.nephthys.canonical,deity.egyptian.nephthys,Nephthys,nephthys,lang.en,,CANONICAL,,1,,
name.deity.egyptian.nephthys.original,deity.egyptian.nephthys,Nbt-ḥwt,nbt-ḥwt,lang.egy,,ORIGINAL,,1,,
name.deity.egyptian.nephthys.zh,deity.egyptian.nephthys,奈芙蒂斯,奈芙蒂斯,lang.zh,,TRANSLATION,,1,,
name.deity.egyptian.nut.canonical,deity.egyptian.nut,Nut,nut,lang.en,,CANONICAL,,1,,
name.deity.egyptian.nut.original,deity.egyptian.nut,Nwt,nwt,lang.egy,,ORIGINAL,,1,,
name.deity.egyptian.nut.zh,deity.egyptian.nut,努特,努特,lang.zh,,TRANSLATION,,1,,
name.deity.egyptian.osiris.canonical,deity.egyptian.osiris,Osiris,osiris,lang.en,,CANONICAL,,1,,
name.deity.egyptian.osiris.original,deity.egyptian.osiris,Wsjr,wsjr,lang.egy,,ORIGINAL,,1,,
name.deity.egyptian.osiris.zh,deity.egyptian.osiris,奥西里斯,奥西里斯,lang.zh,,TRANSLATION,,1,,
name.deity.egyptian.ptah.canonical,deity.egyptian.ptah,Ptah,ptah,lang.en,,CANONICAL,,1,,
name.deity.egyptian.ptah.original,deity.egyptian.ptah,Ptḥ,ptḥ,lang.egy,,ORIGINAL,,1,,
name.deity.egyptian.ptah.zh,deity.egyptian.ptah,卜塔,卜塔,lang.zh,,TRANSLATION,,1,,
name.deity.egyptian.ra.canonical,deity.egyptian.ra,Ra,ra,lang.en,,CANONICAL,,1,,
name.deity.egyptian.ra.original,deity.egyptian.ra,Rꜥ,rꜥ,lang.egy,,ORIGINAL,,1,,
name.deity.egyptian.ra.zh,deity.egyptian.ra,拉／瑞,拉/瑞,lang.zh,,TRANSLATION,,1,,
name.deity.egyptian.sekhmet.canonical,deity.egyptian.sekhmet,Sekhmet,sekhmet,lang.en,,CANONICAL,,1,,
name.deity.egyptian.sekhmet.original,deity.egyptian.sekhmet,Sḫmt,sḫmt,lang.egy,,ORIGINAL,,1,,
name.deity.egyptian.sekhmet.zh,deity.egyptian.sekhmet,塞赫麦特,塞赫麦特,lang.zh,,TRANSLATION,,1,,
name.deity.egyptian.seth.canonical,deity.egyptian.seth,Seth,seth,lang.en,,CANONICAL,,1,,
name.deity.egyptian.seth.original,deity.egyptian.seth,Stẖ,stẖ,lang.egy,,ORIGINAL,,1,,
name.deity.egyptian.seth.zh,deity.egyptian.seth,塞特,塞特,lang.zh,,TRANSLATION,,1,,
name.deity.egyptian.shu.canonical,deity.egyptian.shu,Shu,shu,lang.en,,CANONICAL,,1,,
name.deity.egyptian.shu.original,deity.egyptian.shu,Šw,šw,lang.egy,,ORIGINAL,,1,,
name.deity.egyptian.shu.zh,deity.egyptian.shu,舒,舒,lang.zh,,TRANSLATION,,1,,
name.deity.egyptian.tefnut.canonical,deity.egyptian.tefnut,Tefnut,tefnut,lang.en,,CANONICAL,,1,,
name.deity.egyptian.tefnut.original,deity.egyptian.tefnut,Tfnwt,tfnwt,lang.egy,,ORIGINAL,,1,,
name.deity.egyptian.tefnut.zh,deity.egyptian.tefnut,泰芙努特,泰芙努特,lang.zh,,TRANSLATION,,1,,
name.deity.egyptian.thoth.canonical,deity.egyptian.thoth,Thoth,thoth,lang.en,,CANONICAL,,1,,
name.deity.egyptian.thoth.original,deity.egyptian.thoth,Ḏḥwty,ḏḥwty,lang.egy,,ORIGINAL,,1,,
name.deity.egyptian.thoth.zh,deity.egyptian.thoth,托特,托特,lang.zh,,TRANSLATION,,1,,
name.deity.greek.aphrodite.canonical,deity.greek.aphrodite,Aphrodite,aphrodite,lang.en,,CANONICAL,,1,,
name.deity.greek.aphrodite.original,deity.greek.aphrodite,Ἀφροδίτη,ἀφροδίτη,lang.grc,,ORIGINAL,,1,,
name.deity.greek.aphrodite.zh,deity.greek.aphrodite,阿佛洛狄忒,阿佛洛狄忒,lang.zh,,TRANSLATION,,1,,
name.deity.greek.apollo.canonical,deity.greek.apollo,Apollo,apollo,lang.en,,CANONICAL,,1,,
name.deity.greek.apollo.original,deity.greek.apollo,Ἀπόλλων,ἀπόλλων,lang.grc,,ORIGINAL,,1,,
name.deity.greek.apollo.zh,deity.greek.apollo,阿波罗,阿波罗,lang.zh,,TRANSLATION,,1,,
name.deity.greek.ares.canonical,deity.greek.ares,Ares,ares,lang.en,,CANONICAL,,1,,
name.deity.greek.ares.original,deity.greek.ares,Ἄρης,ἄρησ,lang.grc,,ORIGINAL,,1,,
name.deity.greek.ares.zh,deity.greek.ares,阿瑞斯,阿瑞斯,lang.zh,,TRANSLATION,,1,,
name.deity.greek.artemis.canonical,deity.greek.artemis,Artemis,artemis,lang.en,,CANONICAL,,1,,
name.deity.greek.artemis.original,deity.greek.artemis,Ἄρτεμις,ἄρτεμισ,lang.grc,,ORIGINAL,,1,,
name.deity.greek.artemis.zh,deity.greek.artemis,阿耳忒弥斯,阿耳忒弥斯,lang.zh,,TRANSLATION,,1,,
name.deity.greek.athena.canonical,deity.greek.athena,Athena,athena,lang.en,,CANONICAL,,1,,
name.deity.greek.athena.original,deity.greek.athena,Ἀθηνᾶ,ἀθηνᾶ,lang.grc,,ORIGINAL,,1,,
name.deity.greek.athena.zh,deity.greek.athena,雅典娜,雅典娜,lang.zh,,TRANSLATION,,1,,
name.deity.greek.cronus.canonical,deity.greek.cronus,Cronus,cronus,lang.en,,CANONICAL,,1,,
name.deity.greek.cronus.original,deity.greek.cronus,Κρόνος,κρόνοσ,lang.grc,,ORIGINAL,,1,,
name.deity.greek.cronus.zh,deity.greek.cronus,克洛诺斯,克洛诺斯,lang.zh,,TRANSLATION,,1,,
name.deity.greek.demeter.canonical,deity.greek.demeter,Demeter,demeter,lang.en,,CANONICAL,,1,,
name.deity.greek.demeter.original,deity.greek.demeter,Δημήτηρ,δημήτηρ,lang.grc,,ORIGINAL,,1,,
name.deity.greek.demeter.zh,deity.greek.demeter,得墨忒耳,得墨忒耳,lang.zh,,TRANSLATION,,1,,
name.deity.greek.dionysus.canonical,deity.greek.dionysus,Dionysus,dionysus,lang.en,,CANONICAL,,1,,
name.deity.greek.dionysus.original,deity.greek.dionysus,Διόνυσος,διόνυσοσ,lang.grc,,ORIGINAL,,1,,
name.deity.greek.dionysus.zh,deity.greek.dionysus,狄俄倪索斯,狄俄倪索斯,lang.zh,,TRANSLATION,,1,,
name.deity.greek.gaia.canonical,deity.greek.gaia,Gaia,gaia,lang.en,,CANONICAL,,1,,
name.deity.greek.gaia.original,deity.greek.gaia,Γαῖα,γαῖα,lang.grc,,ORIGINAL,,1,,
name.deity.greek.gaia.zh,deity.greek.gaia,盖亚,盖亚,lang.zh,,TRANSLATION,,1,,
name.deity.greek.hades.canonical,deity.greek.hades,Hades,hades,lang.en,,CANONICAL,,1,,
name.deity.greek.hades.original,deity.greek.hades,ᾍδης,ἅιδησ,lang.grc,,ORIGINAL,,1,,
name.deity.greek.hades.zh,deity.greek.hades,哈得斯,哈得斯,lang.zh,,TRANSLATION,,1,,
name.deity.greek.hephaestus.canonical,deity.greek.hephaestus,Hephaestus,hephaestus,lang.en,,CANONICAL,,1,,
name.deity.greek.hephaestus.original,deity.greek.hephaestus,Ἥφαιστος,ἥφαιστοσ,lang.grc,,ORIGINAL,,1,,
name.deity.greek.hephaestus.zh,deity.greek.hephaestus,赫淮斯托斯,赫淮斯托斯,lang.zh,,TRANSLATION,,1,,
name.deity.greek.hera.canonical,deity.greek.hera,Hera,hera,lang.en,,CANONICAL,,1,,
name.deity.greek.hera.original,deity.greek.hera,Ἥρα,ἥρα,lang.grc,,ORIGINAL,,1,,
name.deity.greek.hera.zh,deity.greek.hera,赫拉,赫拉,lang.zh,,TRANSLATION,,1,,
name.deity.greek.hermes.canonical,deity.greek.hermes,Hermes,hermes,lang.en,,CANONICAL,,1,,
name.deity.greek.hermes.original,deity.greek.hermes,Ἑρμῆς,ἑρμῆσ,lang.grc,,ORIGINAL,,1,,
name.deity.greek.hermes.zh,deity.greek.hermes,赫尔墨斯,赫尔墨斯,lang.zh,,TRANSLATION,,1,,
name.deity.greek.poseidon.canonical,deity.greek.poseidon,Poseidon,poseidon,lang.en,,CANONICAL,,1,,
name.deity.greek.poseidon.original,deity.greek.poseidon,Ποσειδῶν,ποσειδῶν,lang.grc,,ORIGINAL,,1,,
name.deity.greek.poseidon.zh,deity.greek.poseidon,波塞冬,波塞冬,lang.zh,,TRANSLATION,,1,,
name.deity.greek.rhea.canonical,deity.greek.rhea,Rhea,rhea,lang.en,,CANONICAL,,1,,
name.deity.greek.rhea.original,deity.greek.rhea,Ῥέα,ῥέα,lang.grc,,ORIGINAL,,1,,
name.deity.greek.rhea.zh,deity.greek.rhea,瑞亚,瑞亚,lang.zh,,TRANSLATION,,1,,
name.deity.greek.uranus.canonical,deity.greek.uranus,Uranus,uranus,lang.en,,CANONICAL,,1,,
name.deity.greek.uranus.original,deity.greek.uranus,Οὐρανός,οὐρανόσ,lang.grc,,ORIGINAL,,1,,
name.deity.greek.uranus.zh,deity.greek.uranus,乌拉诺斯,乌拉诺斯,lang.zh,,TRANSLATION,,1,,
name.deity.greek.zeus.canonical,deity.greek.zeus,Zeus,zeus,lang.en,,CANONICAL,,1,,
name.deity.greek.zeus.original,deity.greek.zeus,Ζεύς,ζεύσ,lang.grc,,ORIGINAL,,1,,
name.deity.greek.zeus.zh,deity.greek.zeus,宙斯,宙斯,lang.zh,,TRANSLATION,,1,,
name.deity.hawaiian.pele.canonical,deity.hawaiian.pele,Pele,pele,lang.en,,CANONICAL,,1,,
name.deity.hawaiian.pele.zh,deity.hawaiian.pele,佩蕾,佩蕾,lang.zh,,TRANSLATION,,1,,
name.deity.hindu.brahma.canonical,deity.hindu.brahma,Brahma,brahma,lang.en,,CANONICAL,,1,,
name.deity.hindu.brahma.original,deity.hindu.brahma,ब्रह्मा,ब्रह्मा,lang.san,,ORIGINAL,,1,,
name.deity.hindu.brahma.zh,deity.hindu.brahma,梵天,梵天,lang.zh,,TRANSLATION,,1,,
name.deity.hindu.shiva.canonical,deity.hindu.shiva,Shiva,shiva,lang.en,,CANONICAL,,1,,
name.deity.hindu.shiva.original,deity.hindu.shiva,शिव,शिव,lang.san,,ORIGINAL,,1,,
name.deity.hindu.shiva.zh,deity.hindu.shiva,湿婆,湿婆,lang.zh,,TRANSLATION,,1,,
name.deity.hindu.vishnu.canonical,deity.hindu.vishnu,Vishnu,vishnu,lang.en,,CANONICAL,,1,,
name.deity.hindu.vishnu.original,deity.hindu.vishnu,विष्णु,विष्णु,lang.san,,ORIGINAL,,1,,
name.deity.hindu.vishnu.zh,deity.hindu.vishnu,毗湿奴,毗湿奴,lang.zh,,TRANSLATION,,1,,
name.deity.irish.bridig.canonical,deity.irish.bridig,Brigid,brigid,lang.en,,CANONICAL,,1,,
name.deity.irish.bridig.original,deity.irish.bridig,Brigit,brigit,lang.gle,,ORIGINAL,,1,,
name.deity.irish.bridig.zh,deity.irish.bridig,布里吉德,布里吉德,lang.zh,,TRANSLATION,,1,,
name.deity.irish.dagda.canonical,deity.irish.dagda,The Dagda,the dagda,lang.en,,CANONICAL,,1,,
name.deity.irish.dagda.original,deity.irish.dagda,in Dagda,in dagda,lang.gle,,ORIGINAL,,1,,
name.deity.irish.dagda.zh,deity.irish.dagda,达格达,达格达,lang.zh,,TRANSLATION,,1,,
name.deity.irish.lugh.canonical,deity.irish.lugh,Lugh,lugh,lang.en,,CANONICAL,,1,,
name.deity.irish.lugh.original,deity.irish.lugh,Lug,lug,lang.gle,,ORIGINAL,,1,,
name.deity.irish.lugh.zh,deity.irish.lugh,鲁格,鲁格,lang.zh,,TRANSLATION,,1,,
name.deity.irish.morrigan.canonical,deity.irish.morrigan,The Morrígan,the morrígan,lang.en,,CANONICAL,,1,,
name.deity.irish.morrigan.original,deity.irish.morrigan,Mórrígan,mórrígan,lang.gle,,ORIGINAL,,1,,
name.deity.irish.morrigan.zh,deity.irish.morrigan,莫莉甘,莫莉甘,lang.zh,,TRANSLATION,,1,,
name.deity.japanese.amaterasu.canonical,deity.japanese.amaterasu,Amaterasu,amaterasu,lang.en,,CANONICAL,,1,,
name.deity.japanese.amaterasu.original,deity.japanese.amaterasu,天照大御神,天照大御神,lang.ojp,,ORIGINAL,,1,,
name.deity.japanese.amaterasu.zh,deity.japanese.amaterasu,天照大神,天照大神,lang.zh,,TRANSLATION,,1,,
name.deity.japanese.izanagi.canonical,deity.japanese.izanagi,Izanagi,izanagi,lang.en,,CANONICAL,,1,,
name.deity.japanese.izanagi.original,deity.japanese.izanagi,伊邪那岐命,伊邪那岐命,lang.ojp,,ORIGINAL,,1,,
name.deity.japanese.izanagi.zh,deity.japanese.izanagi,伊邪那岐,伊邪那岐,lang.zh,,TRANSLATION,,1,,
name.deity.japanese.izanami.canonical,deity.japanese.izanami,Izanami,izanami,lang.en,,CANONICAL,,1,,
name.deity.japanese.izanami.original,deity.japanese.izanami,伊邪那美命,伊邪那美命,lang.ojp,,ORIGINAL,,1,,
name.deity.japanese.izanami.zh,deity.japanese.izanami,伊邪那美,伊邪那美,lang.zh,,TRANSLATION,,1,,
name.deity.japanese.susanoo.canonical,deity.japanese.susanoo,Susanoo,susanoo,lang.en,,CANONICAL,,1,,
name.deity.japanese.susanoo.original,deity.japanese.susanoo,須佐之男命,須佐之男命,lang.ojp,,ORIGINAL,,1,,
name.deity.japanese.susanoo.zh,deity.japanese.susanoo,须佐之男,须佐之男,lang.zh,,TRANSLATION,,1,,
name.deity.japanese.tsukuyomi.canonical,deity.japanese.tsukuyomi,Tsukuyomi,tsukuyomi,lang.en,,CANONICAL,,1,,
name.deity.japanese.tsukuyomi.original,deity.japanese.tsukuyomi,月読命,月読命,lang.ojp,,ORIGINAL,,1,,
name.deity.japanese.tsukuyomi.zh,deity.japanese.tsukuyomi,月读,月读,lang.zh,,TRANSLATION,,1,,
name.deity.maori.papatuanuku.canonical,deity.maori.papatuanuku,Papatūānuku,papatūānuku,lang.en,,CANONICAL,,1,,
name.deity.maori.papatuanuku.zh,deity.maori.papatuanuku,帕帕图阿努库,帕帕图阿努库,lang.zh,,TRANSLATION,,1,,
name.deity.maori.ranginui.canonical,deity.maori.ranginui,Ranginui,ranginui,lang.en,,CANONICAL,,1,,
name.deity.maori.ranginui.zh,deity.maori.ranginui,兰吉努伊,兰吉努伊,lang.zh,,TRANSLATION,,1,,
name.deity.maya.chaac.canonical,deity.maya.chaac,Chaac,chaac,lang.en,,CANONICAL,,1,,
name.deity.maya.chaac.zh,deity.maya.chaac,恰克,恰克,lang.zh,,TRANSLATION,,1,,
name.deity.maya.itzamna.canonical,deity.maya.itzamna,Itzamna,itzamna,lang.en,,CANONICAL,,1,,
name.deity.maya.itzamna.zh,deity.maya.itzamna,伊察姆纳,伊察姆纳,lang.zh,,TRANSLATION,,1,,
name.deity.maya.kukulkan.canonical,deity.maya.kukulkan,Kukulkan,kukulkan,lang.en,,CANONICAL,,1,,
name.deity.maya.kukulkan.original,deity.maya.kukulkan,K’uk’ulkan,k’uk’ulkan,lang.myn,,ORIGINAL,,1,,
name.deity.maya.kukulkan.zh,deity.maya.kukulkan,库库尔坎,库库尔坎,lang.zh,,TRANSLATION,,1,,
name.deity.mexica.huitzilopochtli.canonical,deity.mexica.huitzilopochtli,Huitzilopochtli,huitzilopochtli,lang.en,,CANONICAL,,1,,
name.deity.mexica.huitzilopochtli.original,deity.mexica.huitzilopochtli,Huītzilōpōchtli,huītzilōpōchtli,lang.nci,,ORIGINAL,,1,,
name.deity.mexica.huitzilopochtli.zh,deity.mexica.huitzilopochtli,维齐洛波奇特利,维齐洛波奇特利,lang.zh,,TRANSLATION,,1,,
name.deity.mexica.quetzalcoatl.canonical,deity.mexica.quetzalcoatl,Quetzalcoatl,quetzalcoatl,lang.en,,CANONICAL,,1,,
name.deity.mexica.quetzalcoatl.original,deity.mexica.quetzalcoatl,Quetzalcōātl,quetzalcōātl,lang.nci,,ORIGINAL,,1,,
name.deity.mexica.quetzalcoatl.zh,deity.mexica.quetzalcoatl,羽蛇神,羽蛇神,lang.zh,,TRANSLATION,,1,,
name.deity.mexica.tezcatlipoca.canonical,deity.mexica.tezcatlipoca,Tezcatlipoca,tezcatlipoca,lang.en,,CANONICAL,,1,,
name.deity.mexica.tezcatlipoca.original,deity.mexica.tezcatlipoca,Tezcatlipōca,tezcatlipōca,lang.nci,,ORIGINAL,,1,,
name.deity.mexica.tezcatlipoca.zh,deity.mexica.tezcatlipoca,特斯卡特利波卡,特斯卡特利波卡,lang.zh,,TRANSLATION,,1,,
name.deity.mexica.tlaloc.canonical,deity.mexica.tlaloc,Tlaloc,tlaloc,lang.en,,CANONICAL,,1,,
name.deity.mexica.tlaloc.original,deity.mexica.tlaloc,Tlāloc,tlāloc,lang.nci,,ORIGINAL,,1,,
name.deity.mexica.tlaloc.zh,deity.mexica.tlaloc,特拉洛克,特拉洛克,lang.zh,,TRANSLATION,,1,,
name.deity.norse.baldr.canonical,deity.norse.baldr,Baldr,baldr,lang.en,,CANONICAL,,1,,
name.deity.norse.baldr.zh,deity.norse.baldr,巴德尔,巴德尔,lang.zh,,TRANSLATION,,1,,
name.deity.norse.freyja.canonical,deity.norse.freyja,Freyja,freyja,lang.en,,CANONICAL,,1,,
name.deity.norse.freyja.zh,deity.norse.freyja,芙蕾雅,芙蕾雅,lang.zh,,TRANSLATION,,1,,
name.deity.norse.freyr.canonical,deity.norse.freyr,Freyr,freyr,lang.en,,CANONICAL,,1,,
name.deity.norse.freyr.zh,deity.norse.freyr,弗雷,弗雷,lang.zh,,TRANSLATION,,1,,
name.deity.norse.frigg.canonical,deity.norse.frigg,Frigg,frigg,lang.en,,CANONICAL,,1,,
name.deity.norse.frigg.zh,deity.norse.frigg,弗丽嘉,弗丽嘉,lang.zh,,TRANSLATION,,1,,
name.deity.norse.heimdall.canonical,deity.norse.heimdall,Heimdallr,heimdallr,lang.en,,CANONICAL,,1,,
name.deity.norse.heimdall.zh,deity.norse.heimdall,海姆达尔,海姆达尔,lang.zh,,TRANSLATION,,1,,
name.deity.norse.hel.canonical,deity.norse.hel,Hel,hel,lang.en,,CANONICAL,,1,,
name.deity.norse.hel.zh,deity.norse.hel,赫尔,赫尔,lang.zh,,TRANSLATION,,1,,
name.deity.norse.loki.canonical,deity.norse.loki,Loki,loki,lang.en,,CANONICAL,,1,,
name.deity.norse.loki.zh,deity.norse.loki,洛基,洛基,lang.zh,,TRANSLATION,,1,,
name.deity.norse.njord.canonical,deity.norse.njord,Njörðr,njörðr,lang.en,,CANONICAL,,1,,
name.deity.norse.njord.original,deity.norse.njord,Njǫrðr,njǫrðr,lang.non,,ORIGINAL,,1,,
name.deity.norse.njord.zh,deity.norse.njord,尼奥尔德,尼奥尔德,lang.zh,,TRANSLATION,,1,,
name.deity.norse.odin.canonical,deity.norse.odin,Odin,odin,lang.en,,CANONICAL,,1,,
name.deity.norse.odin.original,deity.norse.odin,Óðinn,óðinn,lang.non,,ORIGINAL,,1,,
name.deity.norse.odin.zh,deity.norse.odin,奥丁,奥丁,lang.zh,,TRANSLATION,,1,,
name.deity.norse.thor.canonical,deity.norse.thor,Thor,thor,lang.en,,CANONICAL,,1,,
name.deity.norse.thor.original,deity.norse.thor,Þórr,þórr,lang.non,,ORIGINAL,,1,,
name.deity.norse.thor.zh,deity.norse.thor,索尔／雷神托尔,索尔/雷神托尔,lang.zh,,TRANSLATION,,1,,
name.deity.norse.tyr.canonical,deity.norse.tyr,Týr,týr,lang.en,,CANONICAL,,1,,
name.deity.norse.tyr.zh,deity.norse.tyr,提尔,提尔,lang.zh,,TRANSLATION,,1,,
name.deity.polynesian.tane.canonical,deity.polynesian.tane,Tāne,tāne,lang.en,,CANONICAL,,1,,
name.deity.polynesian.tane.zh,deity.polynesian.tane,塔内,塔内,lang.zh,,TRANSLATION,,1,,
name.deity.polynesian.tangaroa.canonical,deity.polynesian.tangaroa,Tangaroa,tangaroa,lang.en,,CANONICAL,,1,,
name.deity.polynesian.tangaroa.zh,deity.polynesian.tangaroa,塔加罗阿,塔加罗阿,lang.zh,,TRANSLATION,,1,,
name.deity.slavic.mokosh.canonical,deity.slavic.mokosh,Mokosh,mokosh,lang.en,,CANONICAL,,1,,
name.deity.slavic.mokosh.original,deity.slavic.mokosh,Мокошь,мокошь,,,ORIGINAL,,1,,
name.deity.slavic.mokosh.zh,deity.slavic.mokosh,莫科什,莫科什,lang.zh,,TRANSLATION,,1,,
name.deity.slavic.perun.canonical,deity.slavic.perun,Perun,perun,lang.en,,CANONICAL,,1,,
name.deity.slavic.perun.original,deity.slavic.perun,Перун,перун,,,ORIGINAL,,1,,
name.deity.slavic.perun.zh,deity.slavic.perun,佩伦,佩伦,lang.zh,,TRANSLATION,,1,,
name.deity.slavic.veles.canonical,deity.slavic.veles,Veles,veles,lang.en,,CANONICAL,,1,,
name.deity.slavic.veles.original,deity.slavic.veles,Велес,велес,,,ORIGINAL,,1,,
name.deity.slavic.veles.zh,deity.slavic.veles,维列斯,维列斯,lang.zh,,TRANSLATION,,1,,
name.deity.sumerian.an.canonical,deity.sumerian.an,An,an,lang.en,,CANONICAL,,1,,
name.deity.sumerian.an.original,deity.sumerian.an,𒀭,𒀭,lang.sux,,ORIGINAL,,1,,
name.deity.sumerian.an.zh,deity.sumerian.an,安,安,lang.zh,,TRANSLATION,,1,,
name.deity.sumerian.enki.canonical,deity.sumerian.enki,Enki,enki,lang.en,,CANONICAL,,1,,
name.deity.sumerian.enki.original,deity.sumerian.enki,𒀭𒂗𒆠,𒀭𒂗𒆠,lang.sux,,ORIGINAL,,1,,
name.deity.sumerian.enki.zh,deity.sumerian.enki,恩基,恩基,lang.zh,,TRANSLATION,,1,,
name.deity.sumerian.enlil.canonical,deity.sumerian.enlil,Enlil,enlil,lang.en,,CANONICAL,,1,,
name.deity.sumerian.enlil.original,deity.sumerian.enlil,𒀭𒂗𒆤,𒀭𒂗𒆤,lang.sux,,ORIGINAL,,1,,
name.deity.sumerian.enlil.zh,deity.sumerian.enlil,恩利尔,恩利尔,lang.zh,,TRANSLATION,,1,,
name.deity.sumerian.ereshkigal.canonical,deity.sumerian.ereshkigal,Ereshkigal,ereshkigal,lang.en,,CANONICAL,,1,,
name.deity.sumerian.ereshkigal.original,deity.sumerian.ereshkigal,Ereškigal,ereškigal,lang.sux,,ORIGINAL,,1,,
name.deity.sumerian.ereshkigal.zh,deity.sumerian.ereshkigal,埃列什基伽勒,埃列什基伽勒,lang.zh,,TRANSLATION,,1,,
name.deity.sumerian.inanna.canonical,deity.sumerian.inanna,Inanna,inanna,lang.en,,CANONICAL,,1,,
name.deity.sumerian.inanna.original,deity.sumerian.inanna,Inana,inana,lang.sux,,ORIGINAL,,1,,
name.deity.sumerian.inanna.zh,deity.sumerian.inanna,伊南娜,伊南娜,lang.zh,,TRANSLATION,,1,,
name.deity.sumerian.nanna.canonical,deity.sumerian.nanna,Nanna,nanna,lang.en,,CANONICAL,,1,,
name.deity.sumerian.nanna.zh,deity.sumerian.nanna,南纳,南纳,lang.zh,,TRANSLATION,,1,,
name.deity.sumerian.ninhursag.canonical,deity.sumerian.ninhursag,Ninhursag,ninhursag,lang.en,,CANONICAL,,1,,
name.deity.sumerian.ninhursag.original,deity.sumerian.ninhursag,Ninḫursaĝa,ninḫursaĝa,lang.sux,,ORIGINAL,,1,,
name.deity.sumerian.ninhursag.zh,deity.sumerian.ninhursag,宁胡尔萨格,宁胡尔萨格,lang.zh,,TRANSLATION,,1,,
name.deity.sumerian.utu.canonical,deity.sumerian.utu,Utu,utu,lang.en,,CANONICAL,,1,,
name.deity.sumerian.utu.zh,deity.sumerian.utu,乌图,乌图,lang.zh,,TRANSLATION,,1,,
name.deity.ugaritic.anat.canonical,deity.ugaritic.anat,Anat,anat,lang.en,,CANONICAL,,1,,
name.deity.ugaritic.anat.original,deity.ugaritic.anat,ʿAnatu,ʿanatu,lang.uga,,ORIGINAL,,1,,
name.deity.ugaritic.anat.zh,deity.ugaritic.anat,阿娜特,阿娜特,lang.zh,,TRANSLATION,,1,,
name.deity.ugaritic.asherah.canonical,deity.ugaritic.asherah,Athirat / Asherah,athirat / asherah,lang.en,,CANONICAL,,1,,
name.deity.ugaritic.asherah.original,deity.ugaritic.asherah,ʾAṯiratu,ʾaṯiratu,lang.uga,,ORIGINAL,,1,,
name.deity.ugaritic.asherah.zh,deity.ugaritic.asherah,阿西拉特／亚舍拉,阿西拉特/亚舍拉,lang.zh,,TRANSLATION,,1,,
name.deity.ugaritic.baal.canonical,deity.ugaritic.baal,Baal of Ugarit,baal of ugarit,lang.en,,CANONICAL,,1,,
name.deity.ugaritic.baal.original,deity.ugaritic.baal,Baʿlu,baʿlu,lang.uga,,ORIGINAL,,1,,
name.deity.ugaritic.baal.zh,deity.ugaritic.baal,乌加里特巴力,乌加里特巴力,lang.zh,,TRANSLATION,,1,,
name.deity.ugaritic.el.canonical,deity.ugaritic.el,El of Ugarit,el of ugarit,lang.en,,CANONICAL,,1,,
name.deity.ugaritic.el.original,deity.ugaritic.el,Ilu,ilu,lang.uga,,ORIGINAL,,1,,
name.deity.ugaritic.el.zh,deity.ugaritic.el,乌加里特伊勒,乌加里特伊勒,lang.zh,,TRANSLATION,,1,,
name.deity.ugaritic.mot.canonical,deity.ugaritic.mot,Mot,mot,lang.en,,CANONICAL,,1,,
name.deity.ugaritic.mot.original,deity.ugaritic.mot,Môtu,môtu,lang.uga,,ORIGINAL,,1,,
name.deity.ugaritic.mot.zh,deity.ugaritic.mot,穆特,穆特,lang.zh,,TRANSLATION,,1,,
name.deity.ugaritic.yam.canonical,deity.ugaritic.yam,Yam,yam,lang.en,,CANONICAL,,1,,
name.deity.ugaritic.yam.original,deity.ugaritic.yam,Yammu,yammu,lang.uga,,ORIGINAL,,1,,
name.deity.ugaritic.yam.zh,deity.ugaritic.yam,雅姆,雅姆,lang.zh,,TRANSLATION,,1,,
name.deity.vedic.indra.canonical,deity.vedic.indra,Indra,indra,lang.en,,CANONICAL,,1,,
name.deity.vedic.indra.original,deity.vedic.indra,इन्द्र,इन्द्र,lang.san,,ORIGINAL,,1,,
name.deity.vedic.indra.zh,deity.vedic.indra,因陀罗,因陀罗,lang.zh,,TRANSLATION,,1,,
name.deity.yoruba.ogun.canonical,deity.yoruba.ogun,Ogun,ogun,lang.en,,CANONICAL,,1,,
name.deity.yoruba.ogun.original,deity.yoruba.ogun,Ògún,ògún,lang.yrb,,ORIGINAL,,1,,
name.deity.yoruba.ogun.zh,deity.yoruba.ogun,奥贡,奥贡,lang.zh,,TRANSLATION,,1,,
name.deity.yoruba.olodumare.canonical,deity.yoruba.olodumare,Olodumare,olodumare,lang.en,,CANONICAL,,1,,
name.deity.yoruba.olodumare.zh,deity.yoruba.olodumare,奥洛杜马雷,奥洛杜马雷,lang.zh,,TRANSLATION,,1,,
name.deity.yoruba.orunmila.canonical,deity.yoruba.orunmila,Orunmila,orunmila,lang.en,,CANONICAL,,1,,
name.deity.yoruba.orunmila.original,deity.yoruba.orunmila,Ọ̀rúnmìlà,ọ̀rúnmìlà,lang.yrb,,ORIGINAL,,1,,
name.deity.yoruba.orunmila.zh,deity.yoruba.orunmila,奥伦米拉,奥伦米拉,lang.zh,,TRANSLATION,,1,,
name.deity.yoruba.oshun.canonical,deity.yoruba.oshun,Oshun,oshun,lang.en,,CANONICAL,,1,,
name.deity.yoruba.oshun.original,deity.yoruba.oshun,Ọ̀ṣun,ọ̀ṣun,lang.yrb,,ORIGINAL,,1,,
name.deity.yoruba.oshun.zh,deity.yoruba.oshun,奥舒恩,奥舒恩,lang.zh,,TRANSLATION,,1,,
name.deity.yoruba.shango.canonical,deity.yoruba.shango,Shango,shango,lang.en,,CANONICAL,,1,,
name.deity.yoruba.shango.original,deity.yoruba.shango,Ṣàngó,ṣàngó,lang.yrb,,ORIGINAL,,1,,
name.deity.yoruba.shango.zh,deity.yoruba.shango,尚戈,尚戈,lang.zh,,TRANSLATION,,1,,
name.deity.zoroastrian.ahura_mazda.canonical,deity.zoroastrian.ahura_mazda,Ahura Mazda,ahura mazda,lang.en,,CANONICAL,,1,,
name.deity.zoroastrian.ahura_mazda.original,deity.zoroastrian.ahura_mazda,𐬨𐬀𐬰𐬛𐬁 𐬀𐬵𐬎𐬭𐬀,𐬨𐬀𐬰𐬛𐬁 𐬀𐬵𐬎𐬭𐬀,lang.ave,,ORIGINAL,,1,,
name.deity.zoroastrian.ahura_mazda.zh,deity.zoroastrian.ahura_mazda,阿胡拉·马兹达,阿胡拉·马兹达,lang.zh,,TRANSLATION,,1,,
name.deity.zoroastrian.mithra.canonical,deity.zoroastrian.mithra,Mithra,mithra,lang.en,,CANONICAL,,1,,
name.deity.zoroastrian.mithra.original,deity.zoroastrian.mithra,Miθra,miθra,lang.ave,,ORIGINAL,,1,,
name.deity.zoroastrian.mithra.zh,deity.zoroastrian.mithra,密特拉,密特拉,lang.zh,,TRANSLATION,,1,,
name.eitri.non,being.norse.eitri,Eitri,eitri,lang.non,Latin,ORIGINAL,,1,source.norse.skaldskaparmal.vsnr1998,
name.element.chinese.huo.canonical,element.chinese.huo,Huo (Wuxing),huo (wuxing),lang.en,,CANONICAL,,1,,
name.element.chinese.huo.original,element.chinese.huo,火,火,lang.lzh,,ORIGINAL,,1,source.china.hong_fan.ctext,Attested in Hong Fan digital edition.
name.element.chinese.huo.zh,element.chinese.huo,火（五行）,火(五行),lang.zh,,TRANSLATION,,1,,
name.element.chinese.jin.canonical,element.chinese.jin,Jin (Wuxing),jin (wuxing),lang.en,,CANONICAL,,1,,
name.element.chinese.jin.original,element.chinese.jin,金,金,lang.lzh,,ORIGINAL,,1,source.china.hong_fan.ctext,Attested in Hong Fan digital edition.
name.element.chinese.jin.zh,element.chinese.jin,金（五行）,金(五行),lang.zh,,TRANSLATION,,1,,
name.element.chinese.mu.canonical,element.chinese.mu,Mu (Wuxing),mu (wuxing),lang.en,,CANONICAL,,1,,
name.element.chinese.mu.original,element.chinese.mu,木,木,lang.lzh,,ORIGINAL,,1,source.china.hong_fan.ctext,Attested in Hong Fan digital edition.
name.element.chinese.mu.zh,element.chinese.mu,木（五行）,木(五行),lang.zh,,TRANSLATION,,1,,
name.element.chinese.shui.canonical,element.chinese.shui,Shui (Wuxing),shui (wuxing),lang.en,,CANONICAL,,1,,
name.element.chinese.shui.original,element.chinese.shui,水,水,lang.lzh,,ORIGINAL,,1,source.china.hong_fan.ctext,Attested in Hong Fan digital edition.
name.element.chinese.shui.zh,element.chinese.shui,水（五行）,水(五行),lang.zh,,TRANSLATION,,1,,
name.element.chinese.tu.canonical,element.chinese.tu,Tu (Wuxing),tu (wuxing),lang.en,,CANONICAL,,1,,
name.element.chinese.tu.original,element.chinese.tu,土,土,lang.lzh,,ORIGINAL,,1,source.china.hong_fan.ctext,Attested in Hong Fan digital edition.
name.element.chinese.tu.zh,element.chinese.tu,土（五行）,土(五行),lang.zh,,TRANSLATION,,1,,
name.element.indian.agni.canonical,element.indian.agni,Agni,agni,lang.en,,CANONICAL,,1,,
name.element.indian.agni.original,element.indian.agni,अग्नि,अग्नि,lang.san,,ORIGINAL,,1,,
name.element.indian.agni.zh,element.indian.agni,火,火,lang.zh,,TRANSLATION,,1,,
name.element.indian.akasha.canonical,element.indian.akasha,Ākāśa,ākāśa,lang.en,,CANONICAL,,1,,
name.element.indian.akasha.original,element.indian.akasha,आकाश,आकाश,lang.san,,ORIGINAL,,1,,
name.element.indian.akasha.zh,element.indian.akasha,空／以太,空/以太,lang.zh,,TRANSLATION,,1,,
name.element.indian.ap.canonical,element.indian.ap,Āpas,āpas,lang.en,,CANONICAL,,1,,
name.element.indian.ap.original,element.indian.ap,आपस्,आपस्,lang.san,,ORIGINAL,,1,,
name.element.indian.ap.zh,element.indian.ap,水,水,lang.zh,,TRANSLATION,,1,,
name.element.indian.prithvi.canonical,element.indian.prithvi,Pṛthvī,pṛthvī,lang.en,,CANONICAL,,1,,
name.element.indian.prithvi.original,element.indian.prithvi,पृथ्वी,पृथ्वी,lang.san,,ORIGINAL,,1,,
name.element.indian.prithvi.zh,element.indian.prithvi,地,地,lang.zh,,TRANSLATION,,1,,
name.element.indian.vayu.canonical,element.indian.vayu,Vāyu,vāyu,lang.en,,CANONICAL,,1,,
name.element.indian.vayu.original,element.indian.vayu,वायु,वायु,lang.san,,ORIGINAL,,1,,
name.element.indian.vayu.zh,element.indian.vayu,风／气,风/气,lang.zh,,TRANSLATION,,1,,
name.event.babylonian.marduk_tiamat.canonical,event.babylonian.marduk_tiamat,Combat of Marduk and Tiamat,combat of marduk and tiamat,lang.en,,CANONICAL,,1,,
name.event.babylonian.marduk_tiamat.zh,event.babylonian.marduk_tiamat,马尔杜克与提亚马特之战,马尔杜克与提亚马特之战,lang.zh,,TRANSLATION,,1,,
name.event.greek.titanomachy.canonical,event.greek.titanomachy,Titanomachy,titanomachy,lang.en,,CANONICAL,,1,,
name.event.greek.titanomachy.original,event.greek.titanomachy,Τιτανομαχία,τιτανομαχία,lang.grc,,ORIGINAL,,1,,
name.event.greek.titanomachy.zh,event.greek.titanomachy,泰坦战争,泰坦战争,lang.zh,,TRANSLATION,,1,,
name.event.norse.ragnarok.canonical,event.norse.ragnarok,Ragnarök,ragnarök,lang.en,,CANONICAL,,1,,
name.event.norse.ragnarok.original,event.norse.ragnarok,Ragnarǫk,ragnarǫk,lang.non,,ORIGINAL,,1,,
name.event.norse.ragnarok.zh,event.norse.ragnarok,诸神黄昏,诸神黄昏,lang.zh,,TRANSLATION,,1,,
name.event.sumerian.inanna_descent.canonical,event.sumerian.inanna_descent,Descent of Inanna,descent of inanna,lang.en,,CANONICAL,,1,,
name.event.sumerian.inanna_descent.zh,event.sumerian.inanna_descent,伊南娜下冥界事件,伊南娜下冥界事件,lang.zh,,TRANSLATION,,1,,
name.greek.aether.en,deity.greek.aether,Aether,aether,lang.en,Latin,TRANSLITERATION,Conventional scholarly Latinization,1,source.greek.theogony.perseus_eng1,
name.greek.aether.grc,deity.greek.aether,Αἰθήρ,αἰθήρ,lang.grc,Greek,ORIGINAL,,1,source.greek.theogony.scaife,Form at Theogony 124-125
name.greek.aether.zh,deity.greek.aether,埃忒耳,埃忒耳,lang.zh,Han,TRANSLATION,,1,,Chinese transliteration
name.greek.asteria.en,deity.greek.asteria,Asteria,asteria,lang.en,Latin,TRANSLITERATION,Conventional scholarly Latinization,1,source.greek.theogony.perseus_eng1,
name.greek.asteria.grc,deity.greek.asteria,Ἀστερία,ἀστερία,lang.grc,Greek,ORIGINAL,,1,source.greek.theogony.scaife,Hesiodic name form
name.greek.asteria.zh,deity.greek.asteria,阿斯忒里亚,阿斯忒里亚,lang.zh,Han,TRANSLATION,,1,,Chinese transliteration
name.greek.chaos.en,deity.greek.chaos,Chaos,chaos,lang.en,Latin,TRANSLITERATION,Conventional scholarly Latinization,1,source.greek.theogony.perseus_eng1,
name.greek.chaos.grc,deity.greek.chaos,Χάος,χάος,lang.grc,Greek,ORIGINAL,,1,source.greek.theogony.scaife,Form at Theogony 116 and 123
name.greek.chaos.zh,deity.greek.chaos,卡俄斯,卡俄斯,lang.zh,Han,TRANSLATION,,1,,Chinese transliteration; kept distinct from the generic word 混沌
name.greek.eos.en,deity.greek.eos,Eos,eos,lang.en,Latin,TRANSLITERATION,Conventional scholarly Latinization,1,source.greek.theogony.perseus_eng1,
name.greek.eos.grc,deity.greek.eos,Ἠώς,ἠώς,lang.grc,Greek,ORIGINAL,,1,source.greek.theogony.scaife,Hesiodic name form
name.greek.eos.zh,deity.greek.eos,厄俄斯,厄俄斯,lang.zh,Han,TRANSLATION,,1,,Chinese transliteration
name.greek.erebus.en,deity.greek.erebus,Erebus,erebus,lang.en,Latin,TRANSLITERATION,Conventional scholarly Latinization,1,source.greek.theogony.perseus_eng1,
name.greek.erebus.grc,deity.greek.erebus,Ἔρεβος,ἔρεβος,lang.grc,Greek,ORIGINAL,,1,source.greek.theogony.scaife,Form at Theogony 123-125
name.greek.erebus.zh,deity.greek.erebus,厄瑞玻斯,厄瑞玻斯,lang.zh,Han,TRANSLATION,,1,,Chinese transliteration
name.greek.hecate.en,deity.greek.hecate,Hecate,hecate,lang.en,Latin,TRANSLITERATION,Conventional Latinized form,1,source.greek.theogony.perseus_eng1,
name.greek.hecate.grc,deity.greek.hecate,Ἑκάτη,ἑκάτη,lang.grc,Greek,ORIGINAL,,1,source.greek.theogony.scaife,Hesiodic name form
name.greek.hecate.zh,deity.greek.hecate,赫卡忒,赫卡忒,lang.zh,Han,TRANSLATION,,1,,Chinese transliteration
name.greek.helios.en,deity.greek.helios,Helios,helios,lang.en,Latin,TRANSLITERATION,Conventional scholarly Latinization,1,source.greek.homeric_hymn_helios31.scaife,
name.greek.helios.grc,deity.greek.helios,Ἥλιος,ἥλιος,lang.grc,Greek,ORIGINAL,,1,source.greek.homeric_hymn_helios31.scaife,Name in Hymn 31
name.greek.helios.zh,deity.greek.helios,赫利俄斯,赫利俄斯,lang.zh,Han,TRANSLATION,,1,,Chinese transliteration
name.greek.hemera.en,deity.greek.hemera,Hemera,hemera,lang.en,Latin,TRANSLITERATION,Conventional scholarly Latinization,1,source.greek.theogony.perseus_eng1,
name.greek.hemera.grc,deity.greek.hemera,Ἡμέρα,ἡμέρα,lang.grc,Greek,ORIGINAL,,1,source.greek.theogony.scaife,Form at Theogony 124-125
name.greek.hemera.zh,deity.greek.hemera,赫墨拉,赫墨拉,lang.zh,Han,TRANSLATION,,1,,Chinese transliteration
name.greek.hestia.en,deity.greek.hestia,Hestia,hestia,lang.en,Latin,TRANSLITERATION,Conventional scholarly Latinization,1,source.greek.homeric_hymn_hestia29.scaife,
name.greek.hestia.grc,deity.greek.hestia,Ἑστία,ἑστία,lang.grc,Greek,ORIGINAL,,1,source.greek.homeric_hymn_hestia29.scaife,Form in Hymn 29
name.greek.hestia.zh,deity.greek.hestia,赫斯提亚,赫斯提亚,lang.zh,Han,TRANSLATION,,1,,Chinese transliteration
name.greek.hyperion.en,deity.greek.hyperion,Hyperion,hyperion,lang.en,Latin,TRANSLITERATION,Conventional scholarly Latinization,1,source.greek.theogony.perseus_eng1,
name.greek.hyperion.grc,deity.greek.hyperion,Ὑπερίων,ὑπερίων,lang.grc,Greek,ORIGINAL,,1,source.greek.theogony.scaife,Form at Theogony 134
name.greek.hyperion.zh,deity.greek.hyperion,许珀里翁,许珀里翁,lang.zh,Han,TRANSLATION,,1,,Chinese transliteration
name.greek.hypnos.en,deity.greek.hypnos,Hypnos,hypnos,lang.en,Latin,TRANSLITERATION,Conventional scholarly Latinization,1,source.greek.theogony.perseus_eng1,
name.greek.hypnos.grc,deity.greek.hypnos,Ὕπνος,ὕπνος,lang.grc,Greek,ORIGINAL,,1,source.greek.theogony.scaife,Hesiodic name form
name.greek.hypnos.zh,deity.greek.hypnos,许普诺斯,许普诺斯,lang.zh,Han,TRANSLATION,,1,,Chinese transliteration
name.greek.nyx.en,deity.greek.nyx,Nyx,nyx,lang.en,Latin,TRANSLITERATION,Conventional scholarly Latinization,1,source.greek.theogony.perseus_eng1,
name.greek.nyx.grc,deity.greek.nyx,Νύξ,νύξ,lang.grc,Greek,ORIGINAL,,1,source.greek.theogony.scaife,Form at Theogony 123-125
name.greek.nyx.zh,deity.greek.nyx,倪克斯,倪克斯,lang.zh,Han,TRANSLATION,,1,,Chinese transliteration
name.greek.perses.en,deity.greek.perses,Perses,perses,lang.en,Latin,TRANSLITERATION,Conventional scholarly Latinization,1,source.greek.theogony.perseus_eng1,Identity caution applies
name.greek.perses.grc,deity.greek.perses,Πέρσης,πέρσης,lang.grc,Greek,ORIGINAL,,1,source.greek.theogony.scaife,Hesiodic name form; homonymous figures remain distinct
name.greek.perses.zh,deity.greek.perses,珀耳塞斯,珀耳塞斯,lang.zh,Han,TRANSLATION,,1,,Chinese transliteration
name.greek.selene.en,deity.greek.selene,Selene,selene,lang.en,Latin,TRANSLITERATION,Conventional scholarly Latinization,1,source.greek.homeric_hymn_selene32.scaife,
name.greek.selene.grc,deity.greek.selene,Σελήνη,σελήνη,lang.grc,Greek,ORIGINAL,,1,source.greek.homeric_hymn_selene32.scaife,Name in Hymn 32
name.greek.selene.zh,deity.greek.selene,塞勒涅,塞勒涅,lang.zh,Han,TRANSLATION,,1,,Chinese transliteration
name.greek.thanatos.en,deity.greek.thanatos,Thanatos,thanatos,lang.en,Latin,TRANSLITERATION,Conventional scholarly Latinization,1,source.greek.theogony.perseus_eng1,
name.greek.thanatos.grc,deity.greek.thanatos,Θάνατος,θάνατος,lang.grc,Greek,ORIGINAL,,1,source.greek.theogony.scaife,Hesiodic name form
name.greek.thanatos.zh,deity.greek.thanatos,塔纳托斯,塔纳托斯,lang.zh,Han,TRANSLATION,,1,,Chinese transliteration
name.greek.theia.en,deity.greek.theia,Theia,theia,lang.en,Latin,TRANSLITERATION,Conventional scholarly Latinization,1,source.greek.theogony.perseus_eng1,
name.greek.theia.grc,deity.greek.theia,Θεία,θεία,lang.grc,Greek,ORIGINAL,,1,source.greek.theogony.scaife,Form at Theogony 135
name.greek.theia.zh,deity.greek.theia,忒亚,忒亚,lang.zh,Han,TRANSLATION,,1,,Chinese transliteration
name.gullinbursti.non,creature.norse.gullinbursti,Gullinbursti,gullinbursti,lang.non,Latin,ORIGINAL,,1,source.norse.skaldskaparmal.vsnr1998,
name.hanshu_wuxing.lzh,text.chinese.han_shu_wuxing_zhi,漢書·五行志,漢書·五行志,lang.lzh,Han,ORIGINAL,,1,source.china.han_shu.wuxing_zhi.ctext,
name.hero.chinese.sun_wukong.canonical,hero.chinese.sun_wukong,Sun Wukong,sun wukong,lang.en,,CANONICAL,,1,,
name.hero.chinese.sun_wukong.original,hero.chinese.sun_wukong,孫悟空,孫悟空,lang.zh,,ORIGINAL,,1,,
name.hero.chinese.sun_wukong.zh,hero.chinese.sun_wukong,孙悟空,孙悟空,lang.zh,,TRANSLATION,,1,,
name.hero.chinese.yellow_emperor.canonical,hero.chinese.yellow_emperor,Yellow Emperor,yellow emperor,lang.en,,CANONICAL,,1,,
name.hero.chinese.yellow_emperor.original,hero.chinese.yellow_emperor,黃帝,黃帝,lang.lzh,,ORIGINAL,,1,,
name.hero.chinese.yellow_emperor.zh,hero.chinese.yellow_emperor,黄帝,黄帝,lang.zh,,TRANSLATION,,1,,
name.hero.indian.arjuna.canonical,hero.indian.arjuna,Arjuna,arjuna,lang.en,,CANONICAL,,1,,
name.hero.indian.arjuna.original,hero.indian.arjuna,अर्जुन,अर्जुन,lang.san,,ORIGINAL,,1,,
name.hero.indian.arjuna.zh,hero.indian.arjuna,阿周那,阿周那,lang.zh,,TRANSLATION,,1,,
name.hero.irish.cu_chulainn.canonical,hero.irish.cu_chulainn,Cú Chulainn,cú chulainn,lang.en,,CANONICAL,,1,,
name.hero.irish.cu_chulainn.zh,hero.irish.cu_chulainn,库丘林,库丘林,lang.zh,,TRANSLATION,,1,,
name.hero.irish.fergus_mac_roich.canonical,hero.irish.fergus_mac_roich,Fergus mac Róich,fergus mac róich,lang.en,,CANONICAL,,1,,
name.hero.irish.fergus_mac_roich.zh,hero.irish.fergus_mac_roich,弗格斯·马克·罗伊,弗格斯·马克·罗伊,lang.zh,,TRANSLATION,,1,,
name.hero.japanese.yamato_takeru.canonical,hero.japanese.yamato_takeru,Yamato Takeru,yamato takeru,lang.en,,CANONICAL,,1,,
name.hero.japanese.yamato_takeru.original,hero.japanese.yamato_takeru,日本武尊,日本武尊,lang.ojp,,ORIGINAL,,1,,
name.hero.japanese.yamato_takeru.zh,hero.japanese.yamato_takeru,日本武尊,日本武尊,lang.zh,,TRANSLATION,,1,,
name.hero.kiche.hunahpu.canonical,hero.kiche.hunahpu,Hunahpu,hunahpu,lang.en,,CANONICAL,,1,,
name.hero.kiche.hunahpu.original,hero.kiche.hunahpu,Junajpu,junajpu,lang.myn,,ORIGINAL,,1,,
name.hero.kiche.hunahpu.zh,hero.kiche.hunahpu,胡纳普,胡纳普,lang.zh,,TRANSLATION,,1,,
name.hero.kiche.xbalanque.canonical,hero.kiche.xbalanque,Xbalanque,xbalanque,lang.en,,CANONICAL,,1,,
name.hero.kiche.xbalanque.original,hero.kiche.xbalanque,Xb’alanke,xb’alanke,lang.myn,,ORIGINAL,,1,,
name.hero.kiche.xbalanque.zh,hero.kiche.xbalanque,伊斯巴兰克,伊斯巴兰克,lang.zh,,TRANSLATION,,1,,
name.hero.polynesian.maui.canonical,hero.polynesian.maui,Māui,māui,lang.en,,CANONICAL,,1,,
name.hero.polynesian.maui.zh,hero.polynesian.maui,毛伊,毛伊,lang.zh,,TRANSLATION,,1,,
name.hongfan.lzh,text.chinese.hong_fan,洪範,洪範,lang.lzh,Han,ORIGINAL,,1,source.china.hong_fan.ctext,
name.institution.british_museum.canonical,institution.british_museum,British Museum,british museum,lang.en,,CANONICAL,,1,,
name.institution.british_museum.zh,institution.british_museum,大英博物馆,大英博物馆,lang.zh,,TRANSLATION,,1,,
name.institution.louvre.canonical,institution.louvre,Musée du Louvre,musée du louvre,lang.en,,CANONICAL,,1,,
name.institution.louvre.zh,institution.louvre,卢浮宫博物馆,卢浮宫博物馆,lang.zh,,TRANSLATION,,1,,
name.institution.met.canonical,institution.met,Metropolitan Museum of Art,metropolitan museum of art,lang.en,,CANONICAL,,1,,
name.institution.met.zh,institution.met,大都会艺术博物馆,大都会艺术博物馆,lang.zh,,TRANSLATION,,1,,
name.institution.swedish_history_museum.canonical,institution.swedish_history_museum,Swedish History Museum,swedish history museum,lang.en,,CANONICAL,,1,,
name.institution.swedish_history_museum.zh,institution.swedish_history_museum,瑞典历史博物馆,瑞典历史博物馆,lang.zh,,TRANSLATION,,1,,
name.metis.grc,deity.greek.metis,Μῆτις,μῆτις,lang.grc,Greek,ORIGINAL,,1,source.greek.theogony.perseus_eng1,
name.mimir.non,being.norse.mimir,Mímir,mímir,lang.non,Latin,ORIGINAL,,1,source.norse.gylfaginning.vsnr2005,
name.mimisbrunnr.non,place.norse.mimisbrunnr,Mímisbrunnr,mímisbrunnr,lang.non,Latin,ORIGINAL,,1,source.norse.gylfaginning.vsnr2005,
name.museum.babylon.flood_tablet_k3375.canonical,museum.babylon.flood_tablet_k3375,Flood Tablet K.3375,flood tablet k.3375,lang.en,,CANONICAL,,1,,
name.museum.babylon.flood_tablet_k3375.zh,museum.babylon.flood_tablet_k3375,洪水泥板 K.3375,洪水泥板 k.3375,lang.zh,,TRANSLATION,,1,,
name.museum.egypt.papyrus_ani_frame3.canonical,museum.egypt.papyrus_ani_frame3,"Papyrus of Ani, frame 3","papyrus of ani, frame 3",lang.en,,CANONICAL,,1,,
name.museum.egypt.papyrus_ani_frame3.zh,museum.egypt.papyrus_ani_frame3,阿尼纸草第3框,阿尼纸草第3框,lang.zh,,TRANSLATION,,1,,
name.museum.greek.zeus_poseidon_met_21_88_52.canonical,museum.greek.zeus_poseidon_met_21_88_52,Bronze statuette: Zeus or Poseidon,bronze statuette: zeus or poseidon,lang.en,,CANONICAL,,1,,
name.museum.greek.zeus_poseidon_met_21_88_52.zh,museum.greek.zeus_poseidon_met_21_88_52,宙斯或波塞冬青铜像,宙斯或波塞冬青铜像,lang.zh,,TRANSLATION,,1,,
name.museum.norse.mjolnir_rings.canonical,museum.norse.mjolnir_rings,Thor's hammer rings collection entry,thor's hammer rings collection entry,lang.en,,CANONICAL,,1,,
name.museum.norse.mjolnir_rings.zh,museum.norse.mjolnir_rings,雷神锤环形护符藏品组,雷神锤环形护符藏品组,lang.zh,,TRANSLATION,,1,,
name.museum.ugarit.baal_cycle_ao16643.canonical,museum.ugarit.baal_cycle_ao16643,Baal Cycle tablet AO 16643,baal cycle tablet ao 16643,lang.en,,CANONICAL,,1,,
name.museum.ugarit.baal_cycle_ao16643.zh,museum.ugarit.baal_cycle_ao16643,巴力神话泥板 AO 16643,巴力神话泥板 ao 16643,lang.zh,,TRANSLATION,,1,,
name.museum.ugarit.baal_thunder_ao15775.canonical,museum.ugarit.baal_thunder_ao15775,Baal with Thunderbolt stele AO 15775,baal with thunderbolt stele ao 15775,lang.en,,CANONICAL,,1,,
name.museum.ugarit.baal_thunder_ao15775.zh,museum.ugarit.baal_thunder_ao15775,雷霆巴力石碑 AO 15775,雷霆巴力石碑 ao 15775,lang.zh,,TRANSLATION,,1,,
name.norse_forging.en,event.norse.forging_divine_treasures,Forging of the divine treasures,forging of the divine treasures,lang.en,Latin,TRANSLATION,,1,source.norse.skaldskaparmal.vsnr1998,Reading label for the event record
name.realm.egypt.duat.canonical,realm.egypt.duat,Duat,duat,lang.en,,CANONICAL,,1,,
name.realm.egypt.duat.original,realm.egypt.duat,dwꜣt,dwꜣt,lang.egy,,ORIGINAL,,1,,
name.realm.egypt.duat.zh,realm.egypt.duat,杜阿特／埃及冥界,杜阿特/埃及冥界,lang.zh,,TRANSLATION,,1,,
name.realm.norse.valhalla.canonical,realm.norse.valhalla,Valhalla,valhalla,lang.en,,CANONICAL,,1,,
name.realm.norse.valhalla.original,realm.norse.valhalla,Valhǫll,valhǫll,lang.non,,ORIGINAL,,1,,
name.realm.norse.valhalla.zh,realm.norse.valhalla,瓦尔哈拉,瓦尔哈拉,lang.zh,,TRANSLATION,,1,,
name.realm.sumerian.kur.canonical,realm.sumerian.kur,Sumerian netherworld,sumerian netherworld,lang.en,,CANONICAL,,1,,
name.realm.sumerian.kur.original,realm.sumerian.kur,Kur,kur,lang.sux,,ORIGINAL,,1,,
name.realm.sumerian.kur.zh,realm.sumerian.kur,苏美尔冥界,苏美尔冥界,lang.zh,,TRANSLATION,,1,,
name.shangshu.lzh,text.chinese.shang_shu,尚書,尚書,lang.lzh,Han,ORIGINAL,,1,source.china.hong_fan.ctext,
name.sindri.non,being.norse.sindri,Sindri,sindri,lang.non,Latin,ORIGINAL,,1,source.norse.skaldskaparmal.vsnr1998,Kept as separate candidate identity
name.site.bolivia.tiwanaku.canonical,site.bolivia.tiwanaku,Tiwanaku,tiwanaku,lang.en,,CANONICAL,,1,,
name.site.bolivia.tiwanaku.zh,site.bolivia.tiwanaku,蒂亚瓦纳科,蒂亚瓦纳科,lang.zh,,TRANSLATION,,1,,
name.site.cambodia.angkor.canonical,site.cambodia.angkor,Angkor,angkor,lang.en,,CANONICAL,,1,,
name.site.cambodia.angkor.zh,site.cambodia.angkor,吴哥,吴哥,lang.zh,,TRANSLATION,,1,,
name.site.celtic.groves_scope.canonical,site.celtic.groves_scope,Sacred groves research scope,sacred groves research scope,lang.en,,CANONICAL,,1,,
name.site.celtic.groves_scope.zh,site.celtic.groves_scope,圣林研究入口,圣林研究入口,lang.zh,,TRANSLATION,,1,,
name.site.celtic.hillforts_scope.canonical,site.celtic.hillforts_scope,Celtic hillforts research scope,celtic hillforts research scope,lang.en,,CANONICAL,,1,,
name.site.celtic.hillforts_scope.zh,site.celtic.hillforts_scope,凯尔特山堡研究入口,凯尔特山堡研究入口,lang.zh,,TRANSLATION,,1,,
name.site.chile.rapa_nui.canonical,site.chile.rapa_nui,Rapa Nui,rapa nui,lang.en,,CANONICAL,,1,,
name.site.chile.rapa_nui.zh,site.chile.rapa_nui,拉帕努伊／复活节岛,拉帕努伊/复活节岛,lang.zh,,TRANSLATION,,1,,
name.site.china.kunlun_scope.canonical,site.china.kunlun_scope,Kunlun-related cultural locations,kunlun-related cultural locations,lang.en,,CANONICAL,,1,,
name.site.china.kunlun_scope.zh,site.china.kunlun_scope,昆仑相关文化地点,昆仑相关文化地点,lang.zh,,TRANSLATION,,1,,
name.site.china.ritual_sites_scope.canonical,site.china.ritual_sites_scope,Ancient Chinese ritual sites research scope,ancient chinese ritual sites research scope,lang.en,,CANONICAL,,1,,
name.site.china.ritual_sites_scope.zh,site.china.ritual_sites_scope,中国古代祭祀遗址研究入口,中国古代祭祀遗址研究入口,lang.zh,,TRANSLATION,,1,,
name.site.china.taishan.canonical,site.china.taishan,Mount Taishan,mount taishan,lang.en,,CANONICAL,,1,,
name.site.china.taishan.zh,site.china.taishan,泰山,泰山,lang.zh,,TRANSLATION,,1,,
name.site.denmark.hedeby.canonical,site.denmark.hedeby,Hedeby,hedeby,lang.en,,CANONICAL,,1,,
name.site.denmark.hedeby.zh,site.denmark.hedeby,海泽比,海泽比,lang.zh,,TRANSLATION,,1,,
name.site.egypt.abu_simbel.canonical,site.egypt.abu_simbel,Abu Simbel,abu simbel,lang.en,,CANONICAL,,1,,
name.site.egypt.abu_simbel.zh,site.egypt.abu_simbel,阿布辛贝,阿布辛贝,lang.zh,,TRANSLATION,,1,,
name.site.egypt.abydos.canonical,site.egypt.abydos,Abydos,abydos,lang.en,,CANONICAL,,1,,
name.site.egypt.abydos.zh,site.egypt.abydos,阿拜多斯,阿拜多斯,lang.zh,,TRANSLATION,,1,,
name.site.egypt.dahshur.canonical,site.egypt.dahshur,Dahshur,dahshur,lang.en,,CANONICAL,,1,,
name.site.egypt.dahshur.zh,site.egypt.dahshur,代赫舒尔,代赫舒尔,lang.zh,,TRANSLATION,,1,,
name.site.egypt.dendera.canonical,site.egypt.dendera,Dendera Temple Complex,dendera temple complex,lang.en,,CANONICAL,,1,,
name.site.egypt.dendera.zh,site.egypt.dendera,丹德拉神庙群,丹德拉神庙群,lang.zh,,TRANSLATION,,1,,
name.site.egypt.edfu.canonical,site.egypt.edfu,Temple of Edfu,temple of edfu,lang.en,,CANONICAL,,1,,
name.site.egypt.edfu.zh,site.egypt.edfu,埃德富神庙,埃德富神庙,lang.zh,,TRANSLATION,,1,,
name.site.egypt.giza.canonical,site.egypt.giza,Giza pyramid fields,giza pyramid fields,lang.en,,CANONICAL,,1,,
name.site.egypt.giza.zh,site.egypt.giza,吉萨金字塔群,吉萨金字塔群,lang.zh,,TRANSLATION,,1,,
name.site.egypt.karnak.canonical,site.egypt.karnak,Karnak,karnak,lang.en,,CANONICAL,,1,,
name.site.egypt.karnak.zh,site.egypt.karnak,卡纳克,卡纳克,lang.zh,,TRANSLATION,,1,,
name.site.egypt.luxor_temple.canonical,site.egypt.luxor_temple,Luxor Temple,luxor temple,lang.en,,CANONICAL,,1,,
name.site.egypt.luxor_temple.zh,site.egypt.luxor_temple,卢克索神庙,卢克索神庙,lang.zh,,TRANSLATION,,1,,
name.site.egypt.philae.canonical,site.egypt.philae,Philae,philae,lang.en,,CANONICAL,,1,,
name.site.egypt.philae.zh,site.egypt.philae,菲莱,菲莱,lang.zh,,TRANSLATION,,1,,
name.site.egypt.saqqara.canonical,site.egypt.saqqara,Saqqara,saqqara,lang.en,,CANONICAL,,1,,
name.site.egypt.saqqara.zh,site.egypt.saqqara,萨卡拉,萨卡拉,lang.zh,,TRANSLATION,,1,,
name.site.egypt.valley_kings.canonical,site.egypt.valley_kings,Valley of the Kings,valley of the kings,lang.en,,CANONICAL,,1,,
name.site.egypt.valley_kings.zh,site.egypt.valley_kings,帝王谷,帝王谷,lang.zh,,TRANSLATION,,1,,
name.site.ethiopia.aksum.canonical,site.ethiopia.aksum,Aksum,aksum,lang.en,,CANONICAL,,1,,
name.site.ethiopia.aksum.zh,site.ethiopia.aksum,阿克苏姆,阿克苏姆,lang.zh,,TRANSLATION,,1,,
name.site.ethiopia.lalibela.canonical,site.ethiopia.lalibela,Rock-Hewn Churches of Lalibela,rock-hewn churches of lalibela,lang.en,,CANONICAL,,1,,
name.site.ethiopia.lalibela.zh,site.ethiopia.lalibela,拉利贝拉岩石教堂,拉利贝拉岩石教堂,lang.zh,,TRANSLATION,,1,,
name.site.greece.acropolis.canonical,site.greece.acropolis,Acropolis of Athens,acropolis of athens,lang.en,,CANONICAL,,1,,
name.site.greece.acropolis.zh,site.greece.acropolis,雅典卫城,雅典卫城,lang.zh,,TRANSLATION,,1,,
name.site.greece.delos.canonical,site.greece.delos,Delos,delos,lang.en,,CANONICAL,,1,,
name.site.greece.delos.zh,site.greece.delos,提洛岛,提洛岛,lang.zh,,TRANSLATION,,1,,
name.site.greece.delphi.canonical,site.greece.delphi,Delphi,delphi,lang.en,,CANONICAL,,1,,
name.site.greece.delphi.zh,site.greece.delphi,德尔斐,德尔斐,lang.zh,,TRANSLATION,,1,,
name.site.greece.dodona.canonical,site.greece.dodona,Dodona,dodona,lang.en,,CANONICAL,,1,,
name.site.greece.dodona.zh,site.greece.dodona,多多纳,多多纳,lang.zh,,TRANSLATION,,1,,
name.site.greece.eleusis.canonical,site.greece.eleusis,Eleusis,eleusis,lang.en,,CANONICAL,,1,,
name.site.greece.eleusis.zh,site.greece.eleusis,厄琉息斯,厄琉息斯,lang.zh,,TRANSLATION,,1,,
name.site.greece.epidaurus.canonical,site.greece.epidaurus,Epidaurus,epidaurus,lang.en,,CANONICAL,,1,,
name.site.greece.epidaurus.zh,site.greece.epidaurus,埃皮达鲁斯,埃皮达鲁斯,lang.zh,,TRANSLATION,,1,,
name.site.greece.knossos.canonical,site.greece.knossos,Knossos,knossos,lang.en,,CANONICAL,,1,,
name.site.greece.knossos.zh,site.greece.knossos,克诺索斯,克诺索斯,lang.zh,,TRANSLATION,,1,,
name.site.greece.mycenae.canonical,site.greece.mycenae,Mycenae,mycenae,lang.en,,CANONICAL,,1,,
name.site.greece.mycenae.zh,site.greece.mycenae,迈锡尼,迈锡尼,lang.zh,,TRANSLATION,,1,,
name.site.greece.olympia.canonical,site.greece.olympia,Olympia,olympia,lang.en,,CANONICAL,,1,,
name.site.greece.olympia.zh,site.greece.olympia,奥林匹亚,奥林匹亚,lang.zh,,TRANSLATION,,1,,
name.site.guatemala.tikal.canonical,site.guatemala.tikal,Tikal,tikal,lang.en,,CANONICAL,,1,,
name.site.guatemala.tikal.zh,site.guatemala.tikal,蒂卡尔,蒂卡尔,lang.zh,,TRANSLATION,,1,,
name.site.iceland.sacred_scope.canonical,site.iceland.sacred_scope,Icelandic sacred sites research scope,icelandic sacred sites research scope,lang.en,,CANONICAL,,1,,
name.site.iceland.sacred_scope.zh,site.iceland.sacred_scope,冰岛圣地研究入口,冰岛圣地研究入口,lang.zh,,TRANSLATION,,1,,
name.site.india.elephanta.canonical,site.india.elephanta,Elephanta Caves,elephanta caves,lang.en,,CANONICAL,,1,,
name.site.india.elephanta.zh,site.india.elephanta,象岛石窟,象岛石窟,lang.zh,,TRANSLATION,,1,,
name.site.india.ellora.canonical,site.india.ellora,Ellora Caves,ellora caves,lang.en,,CANONICAL,,1,,
name.site.india.ellora.zh,site.india.ellora,埃洛拉石窟,埃洛拉石窟,lang.zh,,TRANSLATION,,1,,
name.site.india.khajuraho.canonical,site.india.khajuraho,Khajuraho Group of Monuments,khajuraho group of monuments,lang.en,,CANONICAL,,1,,
name.site.india.khajuraho.zh,site.india.khajuraho,克久拉霍古迹群,克久拉霍古迹群,lang.zh,,TRANSLATION,,1,,
name.site.india.konark.canonical,site.india.konark,Sun Temple at Konark,sun temple at konark,lang.en,,CANONICAL,,1,,
name.site.india.konark.zh,site.india.konark,科纳克太阳神庙,科纳克太阳神庙,lang.zh,,TRANSLATION,,1,,
name.site.india.varanasi.canonical,site.india.varanasi,Varanasi,varanasi,lang.en,,CANONICAL,,1,,
name.site.india.varanasi.zh,site.india.varanasi,瓦拉纳西,瓦拉纳西,lang.zh,,TRANSLATION,,1,,
name.site.indonesia.borobudur.canonical,site.indonesia.borobudur,Borobudur,borobudur,lang.en,,CANONICAL,,1,,
name.site.indonesia.borobudur.zh,site.indonesia.borobudur,婆罗浮屠,婆罗浮屠,lang.zh,,TRANSLATION,,1,,
name.site.indonesia.prambanan.canonical,site.indonesia.prambanan,Prambanan,prambanan,lang.en,,CANONICAL,,1,,
name.site.indonesia.prambanan.zh,site.indonesia.prambanan,普兰巴南,普兰巴南,lang.zh,,TRANSLATION,,1,,
name.site.iraq.ashur.canonical,site.iraq.ashur,Ashur (Qal'at Sherqat),ashur (qal'at sherqat),lang.en,,CANONICAL,,1,,
name.site.iraq.ashur.zh,site.iraq.ashur,阿舒尔,阿舒尔,lang.zh,,TRANSLATION,,1,,
name.site.iraq.babylon.canonical,site.iraq.babylon,Babylon,babylon,lang.en,,CANONICAL,,1,,
name.site.iraq.babylon.zh,site.iraq.babylon,巴比伦,巴比伦,lang.zh,,TRANSLATION,,1,,
name.site.iraq.eridu.canonical,site.iraq.eridu,Eridu,eridu,lang.en,,CANONICAL,,1,,
name.site.iraq.eridu.zh,site.iraq.eridu,埃里都,埃里都,lang.zh,,TRANSLATION,,1,,
name.site.iraq.nineveh.canonical,site.iraq.nineveh,Nineveh,nineveh,lang.en,,CANONICAL,,1,,
name.site.iraq.nineveh.zh,site.iraq.nineveh,尼尼微,尼尼微,lang.zh,,TRANSLATION,,1,,
name.site.iraq.nippur.canonical,site.iraq.nippur,Nippur,nippur,lang.en,,CANONICAL,,1,,
name.site.iraq.nippur.zh,site.iraq.nippur,尼普尔,尼普尔,lang.zh,,TRANSLATION,,1,,
name.site.iraq.ur.canonical,site.iraq.ur,Ur,ur,lang.en,,CANONICAL,,1,,
name.site.iraq.ur.zh,site.iraq.ur,乌尔,乌尔,lang.zh,,TRANSLATION,,1,,
name.site.iraq.uruk.canonical,site.iraq.uruk,Uruk,uruk,lang.en,,CANONICAL,,1,,
name.site.iraq.uruk.zh,site.iraq.uruk,乌鲁克,乌鲁克,lang.zh,,TRANSLATION,,1,,
name.site.ireland.newgrange.canonical,site.ireland.newgrange,Newgrange,newgrange,lang.en,,CANONICAL,,1,,
name.site.ireland.newgrange.zh,site.ireland.newgrange,纽格莱奇,纽格莱奇,lang.zh,,TRANSLATION,,1,,
name.site.italy.pompeii.canonical,site.italy.pompeii,Pompeii,pompeii,lang.en,,CANONICAL,,1,,
name.site.italy.pompeii.zh,site.italy.pompeii,庞贝,庞贝,lang.zh,,TRANSLATION,,1,,
name.site.italy.rome.canonical,site.italy.rome,Ancient Rome,ancient rome,lang.en,,CANONICAL,,1,,
name.site.italy.rome.zh,site.italy.rome,古罗马,古罗马,lang.zh,,TRANSLATION,,1,,
name.site.japan.shrines_scope.canonical,site.japan.shrines_scope,Major Japanese shrines research scope,major japanese shrines research scope,lang.en,,CANONICAL,,1,,
name.site.japan.shrines_scope.zh,site.japan.shrines_scope,日本主要神社研究入口,日本主要神社研究入口,lang.zh,,TRANSLATION,,1,,
name.site.mexico.chichen_itza.canonical,site.mexico.chichen_itza,Chichen-Itza,chichen-itza,lang.en,,CANONICAL,,1,,
name.site.mexico.chichen_itza.zh,site.mexico.chichen_itza,奇琴伊察,奇琴伊察,lang.zh,,TRANSLATION,,1,,
name.site.mexico.monte_alban.canonical,site.mexico.monte_alban,Monte Albán,monte albán,lang.en,,CANONICAL,,1,,
name.site.mexico.monte_alban.zh,site.mexico.monte_alban,蒙特阿尔班,蒙特阿尔班,lang.zh,,TRANSLATION,,1,,
name.site.mexico.palenque.canonical,site.mexico.palenque,Palenque,palenque,lang.en,,CANONICAL,,1,,
name.site.mexico.palenque.zh,site.mexico.palenque,帕伦克,帕伦克,lang.zh,,TRANSLATION,,1,,
name.site.mexico.tenochtitlan.canonical,site.mexico.tenochtitlan,Tenochtitlan,tenochtitlan,lang.en,,CANONICAL,,1,,
name.site.mexico.tenochtitlan.zh,site.mexico.tenochtitlan,特诺奇蒂特兰,特诺奇蒂特兰,lang.zh,,TRANSLATION,,1,,
name.site.mexico.teotihuacan.canonical,site.mexico.teotihuacan,Teotihuacan,teotihuacan,lang.en,,CANONICAL,,1,,
name.site.mexico.teotihuacan.zh,site.mexico.teotihuacan,特奥蒂瓦坎,特奥蒂瓦坎,lang.zh,,TRANSLATION,,1,,
name.site.micronesia.nan_madol.canonical,site.micronesia.nan_madol,Nan Madol,nan madol,lang.en,,CANONICAL,,1,,
name.site.micronesia.nan_madol.zh,site.micronesia.nan_madol,南马都尔,南马都尔,lang.zh,,TRANSLATION,,1,,
name.site.nigeria.benin_city.canonical,site.nigeria.benin_city,Benin City historical sites,benin city historical sites,lang.en,,CANONICAL,,1,,
name.site.nigeria.benin_city.zh,site.nigeria.benin_city,贝宁城历史遗址,贝宁城历史遗址,lang.zh,,TRANSLATION,,1,,
name.site.nigeria.ife.canonical,site.nigeria.ife,Ile-Ife,ile-ife,lang.en,,CANONICAL,,1,,
name.site.nigeria.ife.zh,site.nigeria.ife,伊莱-伊费,伊莱-伊费,lang.zh,,TRANSLATION,,1,,
name.site.norse.runestones_scope.canonical,site.norse.runestones_scope,Norse runestones research scope,norse runestones research scope,lang.en,,CANONICAL,,1,,
name.site.norse.runestones_scope.zh,site.norse.runestones_scope,北欧符文石研究入口,北欧符文石研究入口,lang.zh,,TRANSLATION,,1,,
name.site.peru.cusco.canonical,site.peru.cusco,Cusco,cusco,lang.en,,CANONICAL,,1,,
name.site.peru.cusco.zh,site.peru.cusco,库斯科,库斯科,lang.zh,,TRANSLATION,,1,,
name.site.peru.machu_picchu.canonical,site.peru.machu_picchu,Machu Picchu,machu picchu,lang.en,,CANONICAL,,1,,
name.site.peru.machu_picchu.zh,site.peru.machu_picchu,马丘比丘,马丘比丘,lang.zh,,TRANSLATION,,1,,
name.site.peru.nazca.canonical,site.peru.nazca,Nazca Lines,nazca lines,lang.en,,CANONICAL,,1,,
name.site.peru.nazca.zh,site.peru.nazca,纳斯卡线,纳斯卡线,lang.zh,,TRANSLATION,,1,,
name.site.polynesia.taputapuatea.canonical,site.polynesia.taputapuatea,Taputapuātea,taputapuātea,lang.en,,CANONICAL,,1,,
name.site.polynesia.taputapuatea.zh,site.polynesia.taputapuatea,塔普塔普阿泰阿,塔普塔普阿泰阿,lang.zh,,TRANSLATION,,1,,
name.site.sweden.birka.canonical,site.sweden.birka,Birka,birka,lang.en,,CANONICAL,,1,,
name.site.sweden.birka.zh,site.sweden.birka,比尔卡,比尔卡,lang.zh,,TRANSLATION,,1,,
name.site.sweden.uppsala.canonical,site.sweden.uppsala,Old Uppsala,old uppsala,lang.en,,CANONICAL,,1,,
name.site.sweden.uppsala.zh,site.sweden.uppsala,老乌普萨拉,老乌普萨拉,lang.zh,,TRANSLATION,,1,,
name.site.syria.mari.canonical,site.syria.mari,Mari,mari,lang.en,,CANONICAL,,1,,
name.site.syria.mari.zh,site.syria.mari,马里,马里,lang.zh,,TRANSLATION,,1,,
name.site.syria.ugarit.canonical,site.syria.ugarit,Ugarit / Ras Shamra,ugarit / ras shamra,lang.en,,CANONICAL,,1,,
name.site.syria.ugarit.zh,site.syria.ugarit,乌加里特／拉斯沙姆拉,乌加里特/拉斯沙姆拉,lang.zh,,TRANSLATION,,1,,
name.site.tibet.kailash.canonical,site.tibet.kailash,Mount Kailash,mount kailash,lang.en,,CANONICAL,,1,,
name.site.tibet.kailash.zh,site.tibet.kailash,冈仁波齐／凯拉什山,冈仁波齐/凯拉什山,lang.zh,,TRANSLATION,,1,,
name.site.uk.avebury.canonical,site.uk.avebury,Avebury,avebury,lang.en,,CANONICAL,,1,,
name.site.uk.avebury.zh,site.uk.avebury,埃夫伯里,埃夫伯里,lang.zh,,TRANSLATION,,1,,
name.site.uk.stonehenge.canonical,site.uk.stonehenge,Stonehenge,stonehenge,lang.en,,CANONICAL,,1,,
name.site.uk.stonehenge.zh,site.uk.stonehenge,巨石阵,巨石阵,lang.zh,,TRANSLATION,,1,,
name.site.zimbabwe.great_zimbabwe.canonical,site.zimbabwe.great_zimbabwe,Great Zimbabwe,great zimbabwe,lang.en,,CANONICAL,,1,,
name.site.zimbabwe.great_zimbabwe.zh,site.zimbabwe.great_zimbabwe,大津巴布韦,大津巴布韦,lang.zh,,TRANSLATION,,1,,
name.tartarus.grc,realm.greek.tartarus,Τάρταρος,τάρταρος,lang.grc,Greek,ORIGINAL,,1,source.greek.theogony.perseus_eng1,
name.text.africa.epics.canonical,text.africa.epics,African epic traditions,african epic traditions,lang.en,,CANONICAL,,1,,
name.text.africa.epics.zh,text.africa.epics,非洲史诗总集入口,非洲史诗总集入口,lang.zh,,TRANSLATION,,1,,
name.text.akkadian.adapa.canonical,text.akkadian.adapa,Adapa,adapa,lang.en,,CANONICAL,,1,,
name.text.akkadian.adapa.zh,text.akkadian.adapa,阿达帕神话,阿达帕神话,lang.zh,,TRANSLATION,,1,,
name.text.akkadian.anzu.canonical,text.akkadian.anzu,Anzu Myth,anzu myth,lang.en,,CANONICAL,,1,,
name.text.akkadian.anzu.zh,text.akkadian.anzu,安祖神话,安祖神话,lang.zh,,TRANSLATION,,1,,
name.text.akkadian.erra_epic.canonical,text.akkadian.erra_epic,Erra Epic,erra epic,lang.en,,CANONICAL,,1,,
name.text.akkadian.erra_epic.zh,text.akkadian.erra_epic,埃拉史诗,埃拉史诗,lang.zh,,TRANSLATION,,1,,
name.text.akkadian.etana.canonical,text.akkadian.etana,Etana,etana,lang.en,,CANONICAL,,1,,
name.text.akkadian.etana.zh,text.akkadian.etana,埃塔纳史诗,埃塔纳史诗,lang.zh,,TRANSLATION,,1,,
name.text.andean.huarochiri.canonical,text.andean.huarochiri,Huarochirí Manuscript,huarochirí manuscript,lang.en,,CANONICAL,,1,,
name.text.andean.huarochiri.zh,text.andean.huarochiri,瓦罗奇里手稿,瓦罗奇里手稿,lang.zh,,TRANSLATION,,1,,
name.text.babylonian.atrahasis.canonical,text.babylonian.atrahasis,Atrahasis,atrahasis,lang.en,,CANONICAL,,1,,
name.text.babylonian.atrahasis.original,text.babylonian.atrahasis,Atraḫasīs,atraḫasīs,lang.akk,,ORIGINAL,,1,,
name.text.babylonian.atrahasis.zh,text.babylonian.atrahasis,阿特拉哈西斯,阿特拉哈西斯,lang.zh,,TRANSLATION,,1,,
name.text.babylonian.enuma_elish.canonical,text.babylonian.enuma_elish,Enūma Eliš,enūma eliš,lang.en,,CANONICAL,,1,,
name.text.babylonian.enuma_elish.original,text.babylonian.enuma_elish,Enūma eliš,enūma eliš,lang.akk,,ORIGINAL,,1,,
name.text.babylonian.enuma_elish.zh,text.babylonian.enuma_elish,埃努玛·埃利什／创世诗,埃努玛·埃利什/创世诗,lang.zh,,TRANSLATION,,1,,
name.text.buddhist.corpus.canonical,text.buddhist.corpus,Buddhist textual traditions,buddhist textual traditions,lang.en,,CANONICAL,,1,,
name.text.buddhist.corpus.zh,text.buddhist.corpus,佛教文献总集入口,佛教文献总集入口,lang.zh,,TRANSLATION,,1,,
name.text.central_asian.epics.canonical,text.central_asian.epics,Central Asian epics,central asian epics,lang.en,,CANONICAL,,1,,
name.text.central_asian.epics.zh,text.central_asian.epics,中亚史诗总集入口,中亚史诗总集入口,lang.zh,,TRANSLATION,,1,,
name.text.chinese.buddhist_translations.canonical,text.chinese.buddhist_translations,Chinese Buddhist translations,chinese buddhist translations,lang.en,,CANONICAL,,1,,
name.text.chinese.buddhist_translations.zh,text.chinese.buddhist_translations,佛教汉译文献总集入口,佛教汉译文献总集入口,lang.zh,,TRANSLATION,,1,,
name.text.chinese.chuci.canonical,text.chinese.chuci,Chu Ci,chu ci,lang.en,,CANONICAL,,1,,
name.text.chinese.chuci.original,text.chinese.chuci,楚辭,楚辭,lang.lzh,,ORIGINAL,,1,,
name.text.chinese.chuci.zh,text.chinese.chuci,楚辞,楚辞,lang.zh,,TRANSLATION,,1,,
name.text.chinese.daoist_corpus.canonical,text.chinese.daoist_corpus,Daoist canonical traditions,daoist canonical traditions,lang.en,,CANONICAL,,1,,
name.text.chinese.daoist_corpus.zh,text.chinese.daoist_corpus,道教典籍总集入口,道教典籍总集入口,lang.zh,,TRANSLATION,,1,,
name.text.chinese.fengshen_yanyi.canonical,text.chinese.fengshen_yanyi,Investiture of the Gods,investiture of the gods,lang.en,,CANONICAL,,1,,
name.text.chinese.fengshen_yanyi.original,text.chinese.fengshen_yanyi,封神演義,封神演義,lang.zh,,ORIGINAL,,1,,
name.text.chinese.fengshen_yanyi.zh,text.chinese.fengshen_yanyi,封神演义,封神演义,lang.zh,,TRANSLATION,,1,,
name.text.chinese.folk_archives.canonical,text.chinese.folk_archives,Chinese folk mythology archives,chinese folk mythology archives,lang.en,,CANONICAL,,1,,
name.text.chinese.folk_archives.zh,text.chinese.folk_archives,中国民间神话资料入口,中国民间神话资料入口,lang.zh,,TRANSLATION,,1,,
name.text.chinese.huainanzi.canonical,text.chinese.huainanzi,Huainanzi,huainanzi,lang.en,,CANONICAL,,1,,
name.text.chinese.huainanzi.original,text.chinese.huainanzi,淮南子,淮南子,lang.lzh,,ORIGINAL,,1,,
name.text.chinese.huainanzi.zh,text.chinese.huainanzi,淮南子,淮南子,lang.zh,,TRANSLATION,,1,,
name.text.chinese.local_gazetteers.canonical,text.chinese.local_gazetteers,Chinese local gazetteers,chinese local gazetteers,lang.en,,CANONICAL,,1,,
name.text.chinese.local_gazetteers.original,text.chinese.local_gazetteers,地方志,地方志,,,ORIGINAL,,1,,
name.text.chinese.local_gazetteers.zh,text.chinese.local_gazetteers,地方志总集入口,地方志总集入口,lang.zh,,TRANSLATION,,1,,
name.text.chinese.mutianzizhuan.canonical,text.chinese.mutianzizhuan,"Tale of King Mu, Son of Heaven","tale of king mu, son of heaven",lang.en,,CANONICAL,,1,,
name.text.chinese.mutianzizhuan.original,text.chinese.mutianzizhuan,穆天子傳,穆天子傳,lang.lzh,,ORIGINAL,,1,,
name.text.chinese.mutianzizhuan.zh,text.chinese.mutianzizhuan,穆天子传,穆天子传,lang.zh,,TRANSLATION,,1,,
name.text.chinese.shangshu.canonical,text.chinese.shangshu,Shangshu-related traditions,shangshu-related traditions,lang.en,,CANONICAL,,1,,
name.text.chinese.shangshu.original,text.chinese.shangshu,尚書,尚書,lang.lzh,,ORIGINAL,,1,,
name.text.chinese.shangshu.zh,text.chinese.shangshu,尚书相关传统,尚书相关传统,lang.zh,,TRANSLATION,,1,,
name.text.chinese.shanhaijing.canonical,text.chinese.shanhaijing,Classic of Mountains and Seas,classic of mountains and seas,lang.en,,CANONICAL,,1,,
name.text.chinese.shanhaijing.original,text.chinese.shanhaijing,山海經,山海經,lang.lzh,,ORIGINAL,,1,,
name.text.chinese.shanhaijing.zh,text.chinese.shanhaijing,山海经,山海经,lang.zh,,TRANSLATION,,1,,
name.text.chinese.shiji_ancient.canonical,text.chinese.shiji_ancient,Ancient-history traditions in Shiji,ancient-history traditions in shiji,lang.en,,CANONICAL,,1,,
name.text.chinese.shiji_ancient.original,text.chinese.shiji_ancient,史記,史記,lang.lzh,,ORIGINAL,,1,,
name.text.chinese.shiji_ancient.zh,text.chinese.shiji_ancient,史记相关古史,史记相关古史,lang.zh,,TRANSLATION,,1,,
name.text.chinese.soushenji.canonical,text.chinese.soushenji,Soushen Ji,soushen ji,lang.en,,CANONICAL,,1,,
name.text.chinese.soushenji.original,text.chinese.soushenji,搜神記,搜神記,lang.zh,,ORIGINAL,,1,,
name.text.chinese.soushenji.zh,text.chinese.soushenji,搜神记,搜神记,lang.zh,,TRANSLATION,,1,,
name.text.chinese.tianwen.canonical,text.chinese.tianwen,Heavenly Questions,heavenly questions,lang.en,,CANONICAL,,1,,
name.text.chinese.tianwen.original,text.chinese.tianwen,天問,天問,lang.lzh,,ORIGINAL,,1,,
name.text.chinese.tianwen.zh,text.chinese.tianwen,天问,天问,lang.zh,,TRANSLATION,,1,,
name.text.chinese.xiyouji.canonical,text.chinese.xiyouji,Journey to the West,journey to the west,lang.en,,CANONICAL,,1,,
name.text.chinese.xiyouji.original,text.chinese.xiyouji,西遊記,西遊記,lang.zh,,ORIGINAL,,1,,
name.text.chinese.xiyouji.zh,text.chinese.xiyouji,西游记,西游记,lang.zh,,TRANSLATION,,1,,
name.text.egypt.amduat.canonical,text.egypt.amduat,Amduat,amduat,lang.en,,CANONICAL,,1,,
name.text.egypt.amduat.zh,text.egypt.amduat,冥府书,冥府书,lang.zh,,TRANSLATION,,1,,
name.text.egypt.book_caverns.canonical,text.egypt.book_caverns,Book of Caverns,book of caverns,lang.en,,CANONICAL,,1,,
name.text.egypt.book_caverns.zh,text.egypt.book_caverns,洞穴之书,洞穴之书,lang.zh,,TRANSLATION,,1,,
name.text.egypt.book_dead.canonical,text.egypt.book_dead,Book of the Dead,book of the dead,lang.en,,CANONICAL,,1,,
name.text.egypt.book_dead.zh,text.egypt.book_dead,亡灵书,亡灵书,lang.zh,,TRANSLATION,,1,,
name.text.egypt.book_gates.canonical,text.egypt.book_gates,Book of Gates,book of gates,lang.en,,CANONICAL,,1,,
name.text.egypt.book_gates.zh,text.egypt.book_gates,门之书,门之书,lang.zh,,TRANSLATION,,1,,
name.text.egypt.coffin_texts.canonical,text.egypt.coffin_texts,Coffin Texts,coffin texts,lang.en,,CANONICAL,,1,,
name.text.egypt.coffin_texts.zh,text.egypt.coffin_texts,棺材文,棺材文,lang.zh,,TRANSLATION,,1,,
name.text.egypt.litany_re.canonical,text.egypt.litany_re,Litany of Re,litany of re,lang.en,,CANONICAL,,1,,
name.text.egypt.litany_re.zh,text.egypt.litany_re,拉神连祷文,拉神连祷文,lang.zh,,TRANSLATION,,1,,
name.text.egypt.memphite_theology.canonical,text.egypt.memphite_theology,Memphite Theology,memphite theology,lang.en,,CANONICAL,,1,,
name.text.egypt.memphite_theology.zh,text.egypt.memphite_theology,孟斐斯神学,孟斐斯神学,lang.zh,,TRANSLATION,,1,,
name.text.egypt.pyramid_texts.canonical,text.egypt.pyramid_texts,Pyramid Texts,pyramid texts,lang.en,,CANONICAL,,1,,
name.text.egypt.pyramid_texts.zh,text.egypt.pyramid_texts,金字塔铭文,金字塔铭文,lang.zh,,TRANSLATION,,1,,
name.text.egypt.temple_tomb_inscriptions.canonical,text.egypt.temple_tomb_inscriptions,Egyptian temple and tomb inscriptions,egyptian temple and tomb inscriptions,lang.en,,CANONICAL,,1,,
name.text.egypt.temple_tomb_inscriptions.zh,text.egypt.temple_tomb_inscriptions,埃及神庙与墓葬铭文总集入口,埃及神庙与墓葬铭文总集入口,lang.zh,,TRANSLATION,,1,,
name.text.greek.argonautica.canonical,text.greek.argonautica,Argonautica,argonautica,lang.en,,CANONICAL,,1,,
name.text.greek.argonautica.original,text.greek.argonautica,Ἀργοναυτικά,ἀργοναυτικά,lang.grc,,ORIGINAL,,1,,
name.text.greek.argonautica.zh,text.greek.argonautica,阿尔戈英雄纪,阿尔戈英雄纪,lang.zh,,TRANSLATION,,1,,
name.text.greek.bibliotheca.canonical,text.greek.bibliotheca,Bibliotheca,bibliotheca,lang.en,,CANONICAL,,1,,
name.text.greek.bibliotheca.original,text.greek.bibliotheca,Βιβλιοθήκη,βιβλιοθήκη,lang.grc,,ORIGINAL,,1,,
name.text.greek.bibliotheca.zh,text.greek.bibliotheca,书库（希腊神话汇编）,书库(希腊神话汇编),lang.zh,,TRANSLATION,,1,,
name.text.greek.homeric_hymns.canonical,text.greek.homeric_hymns,Homeric Hymns,homeric hymns,lang.en,,CANONICAL,,1,,
name.text.greek.homeric_hymns.original,text.greek.homeric_hymns,Ὁμηρικοὶ ὕμνοι,ὁμηρικοὶ ὕμνοι,lang.grc,,ORIGINAL,,1,,
name.text.greek.homeric_hymns.zh,text.greek.homeric_hymns,荷马赞歌,荷马赞歌,lang.zh,,TRANSLATION,,1,,
name.text.greek.iliad.canonical,text.greek.iliad,Iliad,iliad,lang.en,,CANONICAL,,1,,
name.text.greek.iliad.original,text.greek.iliad,Ἰλιάς,ἰλιάσ,lang.grc,,ORIGINAL,,1,,
name.text.greek.iliad.zh,text.greek.iliad,伊利亚特,伊利亚特,lang.zh,,TRANSLATION,,1,,
name.text.greek.inscriptions.canonical,text.greek.inscriptions,Ancient Greek religious inscriptions,ancient greek religious inscriptions,lang.en,,CANONICAL,,1,,
name.text.greek.inscriptions.zh,text.greek.inscriptions,古希腊宗教铭文总集入口,古希腊宗教铭文总集入口,lang.zh,,TRANSLATION,,1,,
name.text.greek.odyssey.canonical,text.greek.odyssey,Odyssey,odyssey,lang.en,,CANONICAL,,1,,
name.text.greek.odyssey.original,text.greek.odyssey,Ὀδύσσεια,ὀδύσσεια,lang.grc,,ORIGINAL,,1,,
name.text.greek.odyssey.zh,text.greek.odyssey,奥德赛,奥德赛,lang.zh,,TRANSLATION,,1,,
name.text.greek.orphic_hymns.canonical,text.greek.orphic_hymns,Orphic Hymns,orphic hymns,lang.en,,CANONICAL,,1,,
name.text.greek.orphic_hymns.original,text.greek.orphic_hymns,Ὀρφικοὶ ὕμνοι,ὀρφικοὶ ὕμνοι,lang.grc,,ORIGINAL,,1,,
name.text.greek.orphic_hymns.zh,text.greek.orphic_hymns,俄耳甫斯赞歌,俄耳甫斯赞歌,lang.zh,,TRANSLATION,,1,,
name.text.greek.theogony.canonical,text.greek.theogony,Theogony,theogony,lang.en,,CANONICAL,,1,,
name.text.greek.theogony.original,text.greek.theogony,Θεογονία,θεογονία,lang.grc,,ORIGINAL,,1,,
name.text.greek.theogony.zh,text.greek.theogony,神谱,神谱,lang.zh,,TRANSLATION,,1,,
name.text.greek.tragedies.canonical,text.greek.tragedies,Ancient Greek tragedies,ancient greek tragedies,lang.en,,CANONICAL,,1,,
name.text.greek.tragedies.zh,text.greek.tragedies,古希腊悲剧总集入口,古希腊悲剧总集入口,lang.zh,,TRANSLATION,,1,,
name.text.greek.works_days.canonical,text.greek.works_days,Works and Days,works and days,lang.en,,CANONICAL,,1,,
name.text.greek.works_days.original,text.greek.works_days,Ἔργα καὶ Ἡμέραι,ἔργα καὶ ἡμέραι,lang.grc,,ORIGINAL,,1,,
name.text.greek.works_days.zh,text.greek.works_days,工作与时日,工作与时日,lang.zh,,TRANSLATION,,1,,
name.text.hawaiian.kumulipo.canonical,text.hawaiian.kumulipo,Kumulipo,kumulipo,lang.en,,CANONICAL,,1,,
name.text.hawaiian.kumulipo.zh,text.hawaiian.kumulipo,库穆利波创世吟唱,库穆利波创世吟唱,lang.zh,,TRANSLATION,,1,,
name.text.hh_demeter.en,text.greek.homeric_hymn_demeter,Homeric Hymn 2 to Demeter,homeric hymn 2 to demeter,lang.en,Latin,CANONICAL,,1,source.greek.homeric_hymn_demeter.scaife,Scaife catalogue title
name.text.hh_demeter.zh,text.greek.homeric_hymn_demeter,《荷马颂歌·致得墨忒耳》,荷马颂歌 致得墨忒耳,lang.zh,Han,TRANSLATION,,1,,Chinese reading title
name.text.hh_helios31.en,text.greek.homeric_hymn_helios_31,Homeric Hymn 31 to Helios,homeric hymn 31 to helios,lang.en,Latin,CANONICAL,,1,source.greek.homeric_hymn_helios31.scaife,Scaife catalogue title
name.text.hh_helios31.zh,text.greek.homeric_hymn_helios_31,《荷马颂歌·致赫利俄斯》（第31首）,荷马颂歌 致赫利俄斯 第31首,lang.zh,Han,TRANSLATION,,1,,Chinese reading title
name.text.hh_hestia29.en,text.greek.homeric_hymn_hestia_29,Homeric Hymn 29 to Hestia,homeric hymn 29 to hestia,lang.en,Latin,CANONICAL,,1,source.greek.homeric_hymn_hestia29.scaife,Scaife catalogue title
name.text.hh_hestia29.zh,text.greek.homeric_hymn_hestia_29,《荷马颂歌·致赫斯提亚》（第29首）,荷马颂歌 致赫斯提亚 第29首,lang.zh,Han,TRANSLATION,,1,,Chinese reading title
name.text.hh_selene32.en,text.greek.homeric_hymn_selene_32,Homeric Hymn 32 to Selene,homeric hymn 32 to selene,lang.en,Latin,CANONICAL,,1,source.greek.homeric_hymn_selene32.scaife,Scaife catalogue title
name.text.hh_selene32.zh,text.greek.homeric_hymn_selene_32,《荷马颂歌·致塞勒涅》（第32首）,荷马颂歌 致塞勒涅 第32首,lang.zh,Han,TRANSLATION,,1,,Chinese reading title
name.text.hindu.puranas.canonical,text.hindu.puranas,Purāṇas,purāṇas,lang.en,,CANONICAL,,1,,
name.text.hindu.puranas.original,text.hindu.puranas,पुराण,पुराण,lang.san,,ORIGINAL,,1,,
name.text.hindu.puranas.zh,text.hindu.puranas,往世书总集入口,往世书总集入口,lang.zh,,TRANSLATION,,1,,
name.text.hindu.upanishads.canonical,text.hindu.upanishads,Upanishads,upanishads,lang.en,,CANONICAL,,1,,
name.text.hindu.upanishads.original,text.hindu.upanishads,उपनिषद्,उपनिषद्,lang.san,,ORIGINAL,,1,,
name.text.hindu.upanishads.zh,text.hindu.upanishads,奥义书,奥义书,lang.zh,,TRANSLATION,,1,,
name.text.indian.bhagavad_gita.canonical,text.indian.bhagavad_gita,Bhagavad Gītā,bhagavad gītā,lang.en,,CANONICAL,,1,,
name.text.indian.bhagavad_gita.original,text.indian.bhagavad_gita,भगवद्गीता,भगवद्गीता,lang.san,,ORIGINAL,,1,,
name.text.indian.bhagavad_gita.zh,text.indian.bhagavad_gita,薄伽梵歌,薄伽梵歌,lang.zh,,TRANSLATION,,1,,
name.text.indian.mahabharata.canonical,text.indian.mahabharata,Mahābhārata,mahābhārata,lang.en,,CANONICAL,,1,,
name.text.indian.mahabharata.original,text.indian.mahabharata,महाभारत,महाभारत,lang.san,,ORIGINAL,,1,,
name.text.indian.mahabharata.zh,text.indian.mahabharata,摩诃婆罗多,摩诃婆罗多,lang.zh,,TRANSLATION,,1,,
name.text.indian.ramayana.canonical,text.indian.ramayana,Rāmāyaṇa,rāmāyaṇa,lang.en,,CANONICAL,,1,,
name.text.indian.ramayana.original,text.indian.ramayana,रामायण,रामायण,lang.san,,ORIGINAL,,1,,
name.text.indian.ramayana.zh,text.indian.ramayana,罗摩衍那,罗摩衍那,lang.zh,,TRANSLATION,,1,,
name.text.indian.regional_epics.canonical,text.indian.regional_epics,Indian regional epics and oral traditions,indian regional epics and oral traditions,lang.en,,CANONICAL,,1,,
name.text.indian.regional_epics.zh,text.indian.regional_epics,印度地方史诗与口述传统入口,印度地方史诗与口述传统入口,lang.zh,,TRANSLATION,,1,,
name.text.jain.corpus.canonical,text.jain.corpus,Jain textual traditions,jain textual traditions,lang.en,,CANONICAL,,1,,
name.text.jain.corpus.zh,text.jain.corpus,耆那教文献总集入口,耆那教文献总集入口,lang.zh,,TRANSLATION,,1,,
name.text.japanese.fudoki.canonical,text.japanese.fudoki,Fudoki,fudoki,lang.en,,CANONICAL,,1,,
name.text.japanese.fudoki.original,text.japanese.fudoki,風土記,風土記,lang.ojp,,ORIGINAL,,1,,
name.text.japanese.fudoki.zh,text.japanese.fudoki,风土记,风土记,lang.zh,,TRANSLATION,,1,,
name.text.japanese.kojiki.canonical,text.japanese.kojiki,Kojiki,kojiki,lang.en,,CANONICAL,,1,,
name.text.japanese.kojiki.original,text.japanese.kojiki,古事記,古事記,lang.ojp,,ORIGINAL,,1,,
name.text.japanese.kojiki.zh,text.japanese.kojiki,古事记,古事记,lang.zh,,TRANSLATION,,1,,
name.text.japanese.local_legends.canonical,text.japanese.local_legends,Japanese local legends,japanese local legends,lang.en,,CANONICAL,,1,,
name.text.japanese.local_legends.zh,text.japanese.local_legends,日本地方传说资料入口,日本地方传说资料入口,lang.zh,,TRANSLATION,,1,,
name.text.japanese.manyoshu.canonical,text.japanese.manyoshu,Man'yōshū mythic materials,man'yōshū mythic materials,lang.en,,CANONICAL,,1,,
name.text.japanese.manyoshu.original,text.japanese.manyoshu,万葉集,万葉集,lang.ojp,,ORIGINAL,,1,,
name.text.japanese.manyoshu.zh,text.japanese.manyoshu,万叶集相关神话材料,万叶集相关神话材料,lang.zh,,TRANSLATION,,1,,
name.text.japanese.nihon_shoki.canonical,text.japanese.nihon_shoki,Nihon Shoki,nihon shoki,lang.en,,CANONICAL,,1,,
name.text.japanese.nihon_shoki.original,text.japanese.nihon_shoki,日本書紀,日本書紀,lang.ojp,,ORIGINAL,,1,,
name.text.japanese.nihon_shoki.zh,text.japanese.nihon_shoki,日本书纪,日本书纪,lang.zh,,TRANSLATION,,1,,
name.text.japanese.shrine_engisho.canonical,text.japanese.shrine_engisho,Shrine origin narratives,shrine origin narratives,lang.en,,CANONICAL,,1,,
name.text.japanese.shrine_engisho.original,text.japanese.shrine_engisho,神社縁起,神社縁起,lang.ojp,,ORIGINAL,,1,,
name.text.japanese.shrine_engisho.zh,text.japanese.shrine_engisho,神社缘起,神社缘起,lang.zh,,TRANSLATION,,1,,
name.text.kiche.popol_vuh.canonical,text.kiche.popol_vuh,Popol Vuh,popol vuh,lang.en,,CANONICAL,,1,,
name.text.kiche.popol_vuh.zh,text.kiche.popol_vuh,波波尔·乌／群书,波波尔·乌/群书,lang.zh,,TRANSLATION,,1,,
name.text.maori.creation_traditions.canonical,text.maori.creation_traditions,Māori creation traditions,māori creation traditions,lang.en,,CANONICAL,,1,,
name.text.maori.creation_traditions.zh,text.maori.creation_traditions,毛利创世传统,毛利创世传统,lang.zh,,TRANSLATION,,1,,
name.text.maya.dresden_codex.canonical,text.maya.dresden_codex,Dresden Maya Codex,dresden maya codex,lang.en,,CANONICAL,,1,,
name.text.maya.dresden_codex.zh,text.maya.dresden_codex,德累斯顿玛雅手抄本,德累斯顿玛雅手抄本,lang.zh,,TRANSLATION,,1,,
name.text.maya.madrid_codex.canonical,text.maya.madrid_codex,Madrid Maya Codex,madrid maya codex,lang.en,,CANONICAL,,1,,
name.text.maya.madrid_codex.zh,text.maya.madrid_codex,马德里玛雅手抄本,马德里玛雅手抄本,lang.zh,,TRANSLATION,,1,,
name.text.maya.paris_codex.canonical,text.maya.paris_codex,Paris Maya Codex,paris maya codex,lang.en,,CANONICAL,,1,,
name.text.maya.paris_codex.zh,text.maya.paris_codex,巴黎玛雅手抄本,巴黎玛雅手抄本,lang.zh,,TRANSLATION,,1,,
name.text.mesoamerica.codex_borgia.canonical,text.mesoamerica.codex_borgia,Codex Borgia,codex borgia,lang.en,,CANONICAL,,1,,
name.text.mesoamerica.codex_borgia.zh,text.mesoamerica.codex_borgia,博尔贾手抄本,博尔贾手抄本,lang.zh,,TRANSLATION,,1,,
name.text.mesopotamia.gilgamesh.canonical,text.mesopotamia.gilgamesh,Epic of Gilgamesh,epic of gilgamesh,lang.en,,CANONICAL,,1,,
name.text.mesopotamia.gilgamesh.zh,text.mesopotamia.gilgamesh,吉尔伽美什史诗,吉尔伽美什史诗,lang.zh,,TRANSLATION,,1,,
name.text.mexica.codex_mendoza.canonical,text.mexica.codex_mendoza,Codex Mendoza,codex mendoza,lang.en,,CANONICAL,,1,,
name.text.mexica.codex_mendoza.zh,text.mexica.codex_mendoza,门多萨手抄本,门多萨手抄本,lang.zh,,TRANSLATION,,1,,
name.text.mexica.florentine_codex.canonical,text.mexica.florentine_codex,Florentine Codex,florentine codex,lang.en,,CANONICAL,,1,,
name.text.mexica.florentine_codex.zh,text.mexica.florentine_codex,佛罗伦萨手抄本,佛罗伦萨手抄本,lang.zh,,TRANSLATION,,1,,
name.text.mongol.epics.canonical,text.mongol.epics,Mongol epics and oral traditions,mongol epics and oral traditions,lang.en,,CANONICAL,,1,,
name.text.mongol.epics.zh,text.mongol.epics,蒙古史诗与口述传统入口,蒙古史诗与口述传统入口,lang.zh,,TRANSLATION,,1,,
name.text.norse.grimnismal.canonical,text.norse.grimnismal,Grímnismál,grímnismál,lang.en,,CANONICAL,,1,,
name.text.norse.grimnismal.zh,text.norse.grimnismal,格里姆尼尔之歌,格里姆尼尔之歌,lang.zh,,TRANSLATION,,1,,
name.text.norse.gylfaginning.canonical,text.norse.gylfaginning,Gylfaginning,gylfaginning,lang.en,,CANONICAL,,1,,
name.text.norse.gylfaginning.zh,text.norse.gylfaginning,欺骗古鲁菲,欺骗古鲁菲,lang.zh,,TRANSLATION,,1,,
name.text.norse.havamal.canonical,text.norse.havamal,Hávamál,hávamál,lang.en,,CANONICAL,,1,,
name.text.norse.havamal.zh,text.norse.havamal,至高者箴言,至高者箴言,lang.zh,,TRANSLATION,,1,,
name.text.norse.lokasenna.canonical,text.norse.lokasenna,Lokasenna,lokasenna,lang.en,,CANONICAL,,1,,
name.text.norse.lokasenna.zh,text.norse.lokasenna,洛基的争辩,洛基的争辩,lang.zh,,TRANSLATION,,1,,
name.text.norse.poetic_edda.canonical,text.norse.poetic_edda,Poetic Edda,poetic edda,lang.en,,CANONICAL,,1,,
name.text.norse.poetic_edda.zh,text.norse.poetic_edda,诗体埃达,诗体埃达,lang.zh,,TRANSLATION,,1,,
name.text.norse.prose_edda.canonical,text.norse.prose_edda,Prose Edda,prose edda,lang.en,,CANONICAL,,1,,
name.text.norse.prose_edda.original,text.norse.prose_edda,Snorra Edda,snorra edda,lang.non,,ORIGINAL,,1,,
name.text.norse.prose_edda.zh,text.norse.prose_edda,散文埃达,散文埃达,lang.zh,,TRANSLATION,,1,,
name.text.norse.runic_corpus.canonical,text.norse.runic_corpus,Old Norse runic corpus,old norse runic corpus,lang.en,,CANONICAL,,1,,
name.text.norse.runic_corpus.zh,text.norse.runic_corpus,古诺斯符文资料总集入口,古诺斯符文资料总集入口,lang.zh,,TRANSLATION,,1,,
name.text.norse.sagas.canonical,text.norse.sagas,Norse sagas collection scope,norse sagas collection scope,lang.en,,CANONICAL,,1,,
name.text.norse.sagas.zh,text.norse.sagas,北欧萨迦总集入口,北欧萨迦总集入口,lang.zh,,TRANSLATION,,1,,
name.text.norse.skaldskaparmal.canonical,text.norse.skaldskaparmal,Skáldskaparmál,skáldskaparmál,lang.en,,CANONICAL,,1,,
name.text.norse.skaldskaparmal.zh,text.norse.skaldskaparmal,诗语法,诗语法,lang.zh,,TRANSLATION,,1,,
name.text.norse.thrymskvida.canonical,text.norse.thrymskvida,Þrymskviða,þrymskviða,lang.en,,CANONICAL,,1,,
name.text.norse.thrymskvida.zh,text.norse.thrymskvida,索列姆之歌,索列姆之歌,lang.zh,,TRANSLATION,,1,,
name.text.norse.vafthrudnismal.canonical,text.norse.vafthrudnismal,Vafþrúðnismál,vafþrúðnismál,lang.en,,CANONICAL,,1,,
name.text.norse.vafthrudnismal.zh,text.norse.vafthrudnismal,瓦夫苏鲁德尼尔之歌,瓦夫苏鲁德尼尔之歌,lang.zh,,TRANSLATION,,1,,
name.text.norse.voluspa.canonical,text.norse.voluspa,Völuspá,völuspá,lang.en,,CANONICAL,,1,,
name.text.norse.voluspa.original,text.norse.voluspa,Vǫluspá,vǫluspá,lang.non,,ORIGINAL,,1,,
name.text.norse.voluspa.zh,text.norse.voluspa,女巫的预言,女巫的预言,lang.zh,,TRANSLATION,,1,,
name.text.persian.shahnameh.canonical,text.persian.shahnameh,Shahnameh,shahnameh,lang.en,,CANONICAL,,1,,
name.text.persian.shahnameh.original,text.persian.shahnameh,شاهنامه,شاهنامه,,,ORIGINAL,,1,,
name.text.persian.shahnameh.zh,text.persian.shahnameh,列王纪,列王纪,lang.zh,,TRANSLATION,,1,,
name.text.polynesia.creation_chants.canonical,text.polynesia.creation_chants,Polynesian creation chants,polynesian creation chants,lang.en,,CANONICAL,,1,,
name.text.polynesia.creation_chants.zh,text.polynesia.creation_chants,波利尼西亚创世吟唱总集入口,波利尼西亚创世吟唱总集入口,lang.zh,,TRANSLATION,,1,,
name.text.roman.aeneid.canonical,text.roman.aeneid,Aeneid,aeneid,lang.en,,CANONICAL,,1,,
name.text.roman.aeneid.original,text.roman.aeneid,Aenē̆is,aenē̆is,lang.lat,,ORIGINAL,,1,,
name.text.roman.aeneid.zh,text.roman.aeneid,埃涅阿斯纪,埃涅阿斯纪,lang.zh,,TRANSLATION,,1,,
name.text.roman.metamorphoses.canonical,text.roman.metamorphoses,Metamorphoses,metamorphoses,lang.en,,CANONICAL,,1,,
name.text.roman.metamorphoses.original,text.roman.metamorphoses,Metamorphōsēs,metamorphōsēs,lang.lat,,ORIGINAL,,1,,
name.text.roman.metamorphoses.zh,text.roman.metamorphoses,变形记,变形记,lang.zh,,TRANSLATION,,1,,
name.text.sumerian.enki_ninhursag.canonical,text.sumerian.enki_ninhursag,Enki and Ninhursag,enki and ninhursag,lang.en,,CANONICAL,,1,,
name.text.sumerian.enki_ninhursag.zh,text.sumerian.enki_ninhursag,恩基与宁胡尔萨格,恩基与宁胡尔萨格,lang.zh,,TRANSLATION,,1,,
name.text.sumerian.enki_world_order.canonical,text.sumerian.enki_world_order,Enki and the World Order,enki and the world order,lang.en,,CANONICAL,,1,,
name.text.sumerian.enki_world_order.zh,text.sumerian.enki_world_order,恩基与世界秩序,恩基与世界秩序,lang.zh,,TRANSLATION,,1,,
name.text.sumerian.inanna_descent.canonical,text.sumerian.inanna_descent,Inanna's Descent,inanna's descent,lang.en,,CANONICAL,,1,,
name.text.sumerian.inanna_descent.zh,text.sumerian.inanna_descent,伊南娜下冥界,伊南娜下冥界,lang.zh,,TRANSLATION,,1,,
name.text.sumerian.king_list.canonical,text.sumerian.king_list,Sumerian King List,sumerian king list,lang.en,,CANONICAL,,1,,
name.text.sumerian.king_list.zh,text.sumerian.king_list,苏美尔王表,苏美尔王表,lang.zh,,TRANSLATION,,1,,
name.text.turkic.inscriptions.canonical,text.turkic.inscriptions,Old Turkic inscriptions,old turkic inscriptions,lang.en,,CANONICAL,,1,,
name.text.turkic.inscriptions.zh,text.turkic.inscriptions,突厥碑铭总集入口,突厥碑铭总集入口,lang.zh,,TRANSLATION,,1,,
name.text.ugaritic.baal_cycle.canonical,text.ugaritic.baal_cycle,Baal Cycle,baal cycle,lang.en,,CANONICAL,,1,,
name.text.ugaritic.baal_cycle.zh,text.ugaritic.baal_cycle,巴力神话组诗,巴力神话组诗,lang.zh,,TRANSLATION,,1,,
name.text.vedic.aranyakas.canonical,text.vedic.aranyakas,Aranyakas,aranyakas,lang.en,,CANONICAL,,1,,
name.text.vedic.aranyakas.original,text.vedic.aranyakas,आरण्यक,आरण्यक,lang.san,,ORIGINAL,,1,,
name.text.vedic.aranyakas.zh,text.vedic.aranyakas,森林书,森林书,lang.zh,,TRANSLATION,,1,,
name.text.vedic.atharvaveda.canonical,text.vedic.atharvaveda,Atharvaveda,atharvaveda,lang.en,,CANONICAL,,1,,
name.text.vedic.atharvaveda.original,text.vedic.atharvaveda,अथर्ववेद,अथर्ववेद,lang.san,,ORIGINAL,,1,,
name.text.vedic.atharvaveda.zh,text.vedic.atharvaveda,阿闼婆吠陀,阿闼婆吠陀,lang.zh,,TRANSLATION,,1,,
name.text.vedic.brahmanas.canonical,text.vedic.brahmanas,Brahmanas,brahmanas,lang.en,,CANONICAL,,1,,
name.text.vedic.brahmanas.original,text.vedic.brahmanas,ब्राह्मण,ब्राह्मण,lang.san,,ORIGINAL,,1,,
name.text.vedic.brahmanas.zh,text.vedic.brahmanas,梵书,梵书,lang.zh,,TRANSLATION,,1,,
name.text.vedic.rigveda.canonical,text.vedic.rigveda,Rigveda,rigveda,lang.en,,CANONICAL,,1,,
name.text.vedic.rigveda.original,text.vedic.rigveda,ऋग्वेद,ऋग्वेद,lang.san,,ORIGINAL,,1,,
name.text.vedic.rigveda.zh,text.vedic.rigveda,梨俱吠陀,梨俱吠陀,lang.zh,,TRANSLATION,,1,,
name.text.vedic.samaveda.canonical,text.vedic.samaveda,Samaveda,samaveda,lang.en,,CANONICAL,,1,,
name.text.vedic.samaveda.original,text.vedic.samaveda,सामवेद,सामवेद,lang.san,,ORIGINAL,,1,,
name.text.vedic.samaveda.zh,text.vedic.samaveda,娑摩吠陀,娑摩吠陀,lang.zh,,TRANSLATION,,1,,
name.text.vedic.yajurveda.canonical,text.vedic.yajurveda,Yajurveda,yajurveda,lang.en,,CANONICAL,,1,,
name.text.vedic.yajurveda.original,text.vedic.yajurveda,यजुर्वेद,यजुर्वेद,lang.san,,ORIGINAL,,1,,
name.text.vedic.yajurveda.zh,text.vedic.yajurveda,夜柔吠陀,夜柔吠陀,lang.zh,,TRANSLATION,,1,,
name.text.yoruba.ifa_corpus.canonical,text.yoruba.ifa_corpus,Ifá corpus,ifá corpus,lang.en,,CANONICAL,,1,,
name.text.yoruba.ifa_corpus.zh,text.yoruba.ifa_corpus,Ifá 语料传统,ifá 语料传统,lang.zh,,TRANSLATION,,1,,
name.text.zoroastrian.avesta.canonical,text.zoroastrian.avesta,Avesta,avesta,lang.en,,CANONICAL,,1,,
name.text.zoroastrian.avesta.zh,text.zoroastrian.avesta,阿维斯陀,阿维斯陀,lang.zh,,TRANSLATION,,1,,
name.text.zoroastrian.bundahishn.canonical,text.zoroastrian.bundahishn,Bundahišn,bundahišn,lang.en,,CANONICAL,,1,,
name.text.zoroastrian.bundahishn.zh,text.zoroastrian.bundahishn,创世原本,创世原本,lang.zh,,TRANSLATION,,1,,
name.text.zoroastrian.denkard.canonical,text.zoroastrian.denkard,Dēnkard,dēnkard,lang.en,,CANONICAL,,1,,
name.text.zoroastrian.denkard.zh,text.zoroastrian.denkard,宗教行传,宗教行传,lang.zh,,TRANSLATION,,1,,
name.typhon.typhoeus,creature.greek.typhon,Typhoeus,typhoeus,lang.en,Latin,ALIAS,,0,source.greek.theogony.perseus_eng1,Evelyn-White form in the cited passage; Typhaon remains a separate research problem
name.typhon_battle.en,event.greek.zeus_typhon_battle,Battle of Zeus and Typhon,battle of zeus and typhon,lang.en,Latin,TRANSLATION,,1,source.greek.theogony.perseus_eng1,Reading label for the event record
name.ve.non,deity.norse.ve,Vé,vé,lang.non,Latin,ORIGINAL,,1,source.norse.gylfaginning.vsnr2005,
name.vili.non,deity.norse.vili,Vili,vili,lang.non,Latin,ORIGINAL,,1,source.norse.gylfaginning.vsnr2005,
name.weapon.arthurian.excalibur.canonical,weapon.arthurian.excalibur,Excalibur,excalibur,lang.en,,CANONICAL,,1,,
name.weapon.arthurian.excalibur.zh,weapon.arthurian.excalibur,王者之剑／誓约胜利之剑,王者之剑/誓约胜利之剑,lang.zh,,TRANSLATION,,1,,
name.weapon.babylonian.marduk_bow.canonical,weapon.babylonian.marduk_bow,Bow of Marduk,bow of marduk,lang.en,,CANONICAL,,1,,
name.weapon.babylonian.marduk_bow.zh,weapon.babylonian.marduk_bow,马尔杜克之弓,马尔杜克之弓,lang.zh,,TRANSLATION,,1,,
name.weapon.chinese.ruyi_jingu_bang.canonical,weapon.chinese.ruyi_jingu_bang,Ruyi Jingu Bang,ruyi jingu bang,lang.en,,CANONICAL,,1,,
name.weapon.chinese.ruyi_jingu_bang.original,weapon.chinese.ruyi_jingu_bang,如意金箍棒,如意金箍棒,lang.zh,,ORIGINAL,,1,,
name.weapon.chinese.ruyi_jingu_bang.zh,weapon.chinese.ruyi_jingu_bang,如意金箍棒,如意金箍棒,lang.zh,,TRANSLATION,,1,,
name.weapon.chinese.xuanyuan_sword.canonical,weapon.chinese.xuanyuan_sword,Xuanyuan Sword tradition,xuanyuan sword tradition,lang.en,,CANONICAL,,1,,
name.weapon.chinese.xuanyuan_sword.original,weapon.chinese.xuanyuan_sword,軒轅劍,軒轅劍,lang.zh,,ORIGINAL,,1,,
name.weapon.chinese.xuanyuan_sword.zh,weapon.chinese.xuanyuan_sword,轩辕剑相关传统,轩辕剑相关传统,lang.zh,,TRANSLATION,,1,,
name.weapon.greek.apollo_bow.canonical,weapon.greek.apollo_bow,Bow of Apollo,bow of apollo,lang.en,,CANONICAL,,1,,
name.weapon.greek.apollo_bow.zh,weapon.greek.apollo_bow,阿波罗之弓,阿波罗之弓,lang.zh,,TRANSLATION,,1,,
name.weapon.greek.artemis_bow.canonical,weapon.greek.artemis_bow,Bow of Artemis,bow of artemis,lang.en,,CANONICAL,,1,,
name.weapon.greek.artemis_bow.zh,weapon.greek.artemis_bow,阿耳忒弥斯之弓,阿耳忒弥斯之弓,lang.zh,,TRANSLATION,,1,,
name.weapon.greek.poseidon_trident.canonical,weapon.greek.poseidon_trident,Trident of Poseidon,trident of poseidon,lang.en,,CANONICAL,,1,,
name.weapon.greek.poseidon_trident.original,weapon.greek.poseidon_trident,τρίαινα,τρίαινα,lang.grc,,ORIGINAL,,1,,
name.weapon.greek.poseidon_trident.zh,weapon.greek.poseidon_trident,波塞冬三叉戟,波塞冬三叉戟,lang.zh,,TRANSLATION,,1,,
name.weapon.greek.zeus_thunderbolt.canonical,weapon.greek.zeus_thunderbolt,Thunderbolt of Zeus,thunderbolt of zeus,lang.en,,CANONICAL,,1,,
name.weapon.greek.zeus_thunderbolt.original,weapon.greek.zeus_thunderbolt,κεραυνός,κεραυνόσ,lang.grc,,ORIGINAL,,1,,
name.weapon.greek.zeus_thunderbolt.zh,weapon.greek.zeus_thunderbolt,宙斯雷霆,宙斯雷霆,lang.zh,,TRANSLATION,,1,,
name.weapon.hindu.pashupatastra.canonical,weapon.hindu.pashupatastra,Pashupatastra,pashupatastra,lang.en,,CANONICAL,,1,,
name.weapon.hindu.pashupatastra.original,weapon.hindu.pashupatastra,पाशुपतास्त्र,पाशुपतास्त्र,lang.san,,ORIGINAL,,1,,
name.weapon.hindu.pashupatastra.zh,weapon.hindu.pashupatastra,兽主神兵,兽主神兵,lang.zh,,TRANSLATION,,1,,
name.weapon.hindu.sudarshana_chakra.canonical,weapon.hindu.sudarshana_chakra,Sudarshana Chakra,sudarshana chakra,lang.en,,CANONICAL,,1,,
name.weapon.hindu.sudarshana_chakra.original,weapon.hindu.sudarshana_chakra,सुदर्शन चक्र,सुदर्शन चक्र,lang.san,,ORIGINAL,,1,,
name.weapon.hindu.sudarshana_chakra.zh,weapon.hindu.sudarshana_chakra,妙见神轮,妙见神轮,lang.zh,,TRANSLATION,,1,,
name.weapon.hindu.trishula.canonical,weapon.hindu.trishula,Trishula,trishula,lang.en,,CANONICAL,,1,,
name.weapon.hindu.trishula.original,weapon.hindu.trishula,त्रिशूल,त्रिशूल,lang.san,,ORIGINAL,,1,,
name.weapon.hindu.trishula.zh,weapon.hindu.trishula,三叉戟,三叉戟,lang.zh,,TRANSLATION,,1,,
name.weapon.indian.brahmastra.canonical,weapon.indian.brahmastra,Brahmastra,brahmastra,lang.en,,CANONICAL,,1,,
name.weapon.indian.brahmastra.original,weapon.indian.brahmastra,ब्रह्मास्त्र,ब्रह्मास्त्र,lang.san,,ORIGINAL,,1,,
name.weapon.indian.brahmastra.zh,weapon.indian.brahmastra,梵天武器,梵天武器,lang.zh,,TRANSLATION,,1,,
name.weapon.indian.gandiva.canonical,weapon.indian.gandiva,Gandiva,gandiva,lang.en,,CANONICAL,,1,,
name.weapon.indian.gandiva.original,weapon.indian.gandiva,गाण्डीव,गाण्डीव,lang.san,,ORIGINAL,,1,,
name.weapon.indian.gandiva.zh,weapon.indian.gandiva,甘狄拔神弓,甘狄拔神弓,lang.zh,,TRANSLATION,,1,,
name.weapon.irish.caladbolg.canonical,weapon.irish.caladbolg,Caladbolg,caladbolg,lang.en,,CANONICAL,,1,,
name.weapon.irish.caladbolg.zh,weapon.irish.caladbolg,卡拉德博尔格,卡拉德博尔格,lang.zh,,TRANSLATION,,1,,
name.weapon.irish.fragarach.canonical,weapon.irish.fragarach,Fragarach,fragarach,lang.en,,CANONICAL,,1,,
name.weapon.irish.fragarach.zh,weapon.irish.fragarach,弗拉加拉赫,弗拉加拉赫,lang.zh,,TRANSLATION,,1,,
name.weapon.irish.gae_bulg.canonical,weapon.irish.gae_bulg,Gáe Bulg,gáe bulg,lang.en,,CANONICAL,,1,,
name.weapon.irish.gae_bulg.zh,weapon.irish.gae_bulg,盖·博尔格,盖·博尔格,lang.zh,,TRANSLATION,,1,,
name.weapon.japanese.amenonuhoko.canonical,weapon.japanese.amenonuhoko,Ame-no-Nuboko,ame-no-nuboko,lang.en,,CANONICAL,,1,,
name.weapon.japanese.amenonuhoko.original,weapon.japanese.amenonuhoko,天沼矛,天沼矛,lang.ojp,,ORIGINAL,,1,,
name.weapon.japanese.amenonuhoko.zh,weapon.japanese.amenonuhoko,天沼矛,天沼矛,lang.zh,,TRANSLATION,,1,,
name.weapon.japanese.kusanagi.canonical,weapon.japanese.kusanagi,Kusanagi-no-Tsurugi,kusanagi-no-tsurugi,lang.en,,CANONICAL,,1,,
name.weapon.japanese.kusanagi.original,weapon.japanese.kusanagi,草薙剣,草薙剣,lang.ojp,,ORIGINAL,,1,,
name.weapon.japanese.kusanagi.zh,weapon.japanese.kusanagi,草薙剑,草薙剑,lang.zh,,TRANSLATION,,1,,
name.weapon.norse.freyr_sword.canonical,weapon.norse.freyr_sword,Sword of Freyr,sword of freyr,lang.en,,CANONICAL,,1,,
name.weapon.norse.freyr_sword.zh,weapon.norse.freyr_sword,弗雷之剑,弗雷之剑,lang.zh,,TRANSLATION,,1,,
name.weapon.norse.gram.canonical,weapon.norse.gram,Gram,gram,lang.en,,CANONICAL,,1,,
name.weapon.norse.gram.original,weapon.norse.gram,Gramr,gramr,lang.non,,ORIGINAL,,1,,
name.weapon.norse.gram.zh,weapon.norse.gram,格拉姆,格拉姆,lang.zh,,TRANSLATION,,1,,
name.weapon.norse.gungnir.canonical,weapon.norse.gungnir,Gungnir,gungnir,lang.en,,CANONICAL,,1,,
name.weapon.norse.gungnir.zh,weapon.norse.gungnir,冈格尼尔,冈格尼尔,lang.zh,,TRANSLATION,,1,,
name.weapon.norse.mjolnir.canonical,weapon.norse.mjolnir,Mjölnir,mjölnir,lang.en,,CANONICAL,,1,,
name.weapon.norse.mjolnir.original,weapon.norse.mjolnir,Mjǫllnir,mjǫllnir,lang.non,,ORIGINAL,,1,,
name.weapon.norse.mjolnir.zh,weapon.norse.mjolnir,妙尔尼尔,妙尔尼尔,lang.zh,,TRANSLATION,,1,,
name.weapon.norse.tyrfing.canonical,weapon.norse.tyrfing,Tyrfing,tyrfing,lang.en,,CANONICAL,,1,,
name.weapon.norse.tyrfing.original,weapon.norse.tyrfing,Tyrfingr,tyrfingr,lang.non,,ORIGINAL,,1,,
name.weapon.norse.tyrfing.zh,weapon.norse.tyrfing,提尔锋,提尔锋,lang.zh,,TRANSLATION,,1,,
name.weapon.vedic.vajra.canonical,weapon.vedic.vajra,Vajra,vajra,lang.en,,CANONICAL,,1,,
name.weapon.vedic.vajra.original,weapon.vedic.vajra,वज्र,वज्र,lang.san,,ORIGINAL,,1,,
name.weapon.vedic.vajra.zh,weapon.vedic.vajra,金刚杵／雷霆,金刚杵/雷霆,lang.zh,,TRANSLATION,,1,,
name.wuxing.huo.lzh,concept.chinese.wuxing.huo,火,火,lang.lzh,Han,ORIGINAL,,1,source.china.hong_fan.ctext,
name.wuxing.jin.lzh,concept.chinese.wuxing.jin,金,金,lang.lzh,Han,ORIGINAL,,1,source.china.hong_fan.ctext,
name.wuxing.mu.lzh,concept.chinese.wuxing.mu,木,木,lang.lzh,Han,ORIGINAL,,1,source.china.hong_fan.ctext,
name.wuxing.shui.lzh,concept.chinese.wuxing.shui,水,水,lang.lzh,Han,ORIGINAL,,1,source.china.hong_fan.ctext,
name.wuxing.tu.lzh,concept.chinese.wuxing.tu,土,土,lang.lzh,Han,ORIGINAL,,1,source.china.hong_fan.ctext,
